"Id","Path","Slice Name","Alias(s)","Label","Min","Max","Must Support?","Is Modifier?","Is Summary?","Type(s)","Short","Definition","Comments","Requirements","Default Value","Meaning When Missing","Fixed Value","Pattern","Example","Minimum Value","Maximum Value","Maximum Length","Binding Strength","Binding Description","Binding Value Set","Code","Slicing Discriminator","Slicing Description","Slicing Ordered","Slicing Rules","Base Path","Base Min","Base Max","Condition(s)","Constraint(s)"
"fr-lm-consentement","fr-lm-consentement","","","",0,*,"","","","null {[]} {[]}
","Modèle logique métier - FR LM Consentement","Permet de documenter qu'un consentement éclairé a été obtenu et d'indiquer quel type de consentement a été fourni.","","","","","","","","","",,,,,"",,,,"Base",0,*,"",""
"fr-lm-consentement.identifiantConsentement","fr-lm-consentement.identifiantConsentement","","","",0,*,"","","","Identifier {[]} {[]}
","Identifiant du consentement.","Identifiant du consentement.","","","","","","","","","",,,,,"",,,,"fr-lm-consentement.identifiantConsentement",0,*,"",""
"fr-lm-consentement.typeConsentement","fr-lm-consentement.typeConsentement","","","",1,1,"","","","CodeableConcept {[]} {[]}
","Type de consentement.","Type de consentement.","","","","","","","","","",,,,,"",,,,"fr-lm-consentement.typeConsentement",1,1,"",""
"fr-lm-consentement.statutConsentement","fr-lm-consentement.statutConsentement","","","",1,1,"","","","CodeableConcept {[]} {[]}
","Statut du consentement.","Statut du consentement.","","","","","","","","","",,,,,"",,,,"fr-lm-consentement.statutConsentement",1,1,"",""
