"Id","Path","Slice Name","Alias(s)","Label","Min","Max","Must Support?","Is Modifier?","Is Summary?","Type(s)","Short","Definition","Comments","Requirements","Default Value","Meaning When Missing","Fixed Value","Pattern","Example","Minimum Value","Maximum Value","Maximum Length","Binding Strength","Binding Description","Binding Value Set","Code","Slicing Discriminator","Slicing Description","Slicing Ordered","Slicing Rules","Base Path","Base Min","Base Max","Condition(s)","Constraint(s)","Mapping: Workflow Pattern","Mapping: HL7 v2 Mapping","Mapping: RIM Mapping","Mapping: FiveWs Pattern Mapping"
"Consent","Consent","","","",0,*,"","","","null {[]} {[]}
","A healthcare consumer's  choices to permit or deny recipients or roles to perform actions for specific purposes and periods of time","A record of a healthcare consumer’s  choices, which permits or denies identified recipient(s) or recipient role(s) to perform one or more actions within a given policy context, for specific purposes and periods of time.","Broadly, there are 3 key areas of consent for patients: Consent around sharing information (aka Privacy Consent Directive - Authorization to Collect, Use, or Disclose information), consent for specific treatment, or kinds of treatment, and general advance care directives.","","","","","","","","",,,,,"",,,,"Consent",0,*,"","dom-2:If the resource is contained in another resource, it SHALL NOT contain nested Resources {contained.contained.empty()}
dom-3:If the resource is contained in another resource, it SHALL be referred to from elsewhere in the resource or SHALL refer to the containing resource {contained.where((('#'+id in (%resource.descendants().reference | %resource.descendants().as(canonical) | %resource.descendants().as(uri) | %resource.descendants().as(url))) or descendants().where(reference = '#').exists() or descendants().where(as(canonical) = '#').exists() or descendants().where(as(canonical) = '#').exists()).not()).trace('unmatched', id).empty()}dom-4:If a resource is contained in another resource, it SHALL NOT have a meta.versionId or a meta.lastUpdated {contained.meta.versionId.empty() and contained.meta.lastUpdated.empty()}dom-5:If a resource is contained in another resource, it SHALL NOT have a security label {contained.meta.security.empty()}dom-6:A resource should have narrative for robust management {text.`div`.exists()}ppc-1:Either a Policy or PolicyRule {policy.exists() or policyRule.exists()}ppc-2:IF Scope=privacy, there must be a patient {patient.exists() or scope.coding.where(system='something' and code='patient-privacy').exists().not()}ppc-3:IF Scope=research, there must be a patient {patient.exists() or scope.coding.where(system='something' and code='research').exists().not()}ppc-4:IF Scope=adr, there must be a patient {patient.exists() or scope.coding.where(system='something' and code='adr').exists().not()}ppc-5:IF Scope=treatment, there must be a patient {patient.exists() or scope.coding.where(system='something' and code='treatment').exists().not()}","Event","CON","Entity. Role, or Act","FinancialConsent"
"Consent.id","Consent.id","","","",0,1,"","","Y","id {[]} {[]}
","Logical id of this artifact","The logical id of the resource, as used in the URL for the resource. Once assigned, this value never changes.","The only time that a resource does not have an id is when it is being submitted to the server using a create operation.","","","","","","","","",,,,,"",,,,"Resource.id",0,1,"",""
"Consent.meta","Consent.meta","","","",0,1,"","","Y","Meta {[]} {[]}
","Metadata about the resource","The metadata about the resource. This is content that is maintained by the infrastructure. Changes to the content might not always be associated with version changes to the resource.","","","","","","","","","",,,,,"",,,,"Resource.meta",0,1,"","ele-1:All FHIR elements must have a @value or children {hasValue() or (children().count() > id.count())}
"
"Consent.implicitRules","Consent.implicitRules","","","",0,1,"","Y","Y","uri {[]} {[]}
","A set of rules under which this content was created","A reference to a set of rules that were followed when the resource was constructed, and which must be understood when processing the content. Often, this is a reference to an implementation guide that defines the special rules along with other profiles etc.","Asserting this rule set restricts the content to be only understood by a limited set of trading partners. This inherently limits the usefulness of the data in the long term. However, the existing health eco-system is highly fractured, and not yet ready to define, collect, and exchange data in a generally computable sense. Wherever possible, implementers and/or specification writers should avoid using this element. Often, when used, the URL is a reference to an implementation guide that defines these special rules as part of it's narrative along with other profiles, value sets, etc.","","","","","","","","",,,,,"",,,,"Resource.implicitRules",0,1,"","ele-1:All FHIR elements must have a @value or children {hasValue() or (children().count() > id.count())}
"
"Consent.language","Consent.language","","","",0,1,"","","","code {[]} {[]}
","Language of the resource content","The base language in which the resource is written.","Language is provided to support indexing and accessibility (typically, services such as text to speech use the language tag). The html language tag in the narrative applies  to the narrative. The language tag on the resource may be used to specify the language of other presentations generated from the data in the resource. Not all the content has to be in the base language. The Resource.language should not be assumed to apply to the narrative automatically. If a language is specified, it should it also be specified on the div element in the html (see rules in HTML5 for information about the relationship between xml:lang and the html lang attribute).","","","","","","","","",,"preferred","A human language.","http://hl7.org/fhir/ValueSet/languages|4.0.1","",,,,"Resource.language",0,1,"","ele-1:All FHIR elements must have a @value or children {hasValue() or (children().count() > id.count())}
"
"Consent.text","Consent.text","","narrative
htmlxhtmldisplay","",0,1,"","","","Narrative {[]} {[]}
","Text summary of the resource, for human interpretation","A human-readable narrative that contains a summary of the resource and can be used to represent the content of the resource to a human. The narrative need not encode all the structured data, but is required to contain sufficient detail to make it ""clinically safe"" for a human to just read the narrative. Resource definitions may define what content should be represented in the narrative to ensure clinical safety.","Contained resources do not have narrative. Resources that are not contained SHOULD have a narrative. In some cases, a resource may only have text with little or no additional discrete data (as long as all minOccurs=1 elements are satisfied).  This may be necessary for data from legacy systems where information is captured as a ""text blob"" or where text is additionally entered raw or narrated and encoded information is added later.","","","","","","","","",,,,,"",,,,"DomainResource.text",0,1,"","ele-1:All FHIR elements must have a @value or children {hasValue() or (children().count() > id.count())}
","Act.text?"
"Consent.contained","Consent.contained","","inline resources
anonymous resourcescontained resources","",0,*,"","","","Resource {[]} {[]}
","Contained, inline Resources","These resources do not have an independent existence apart from the resource that contains them - they cannot be identified independently, and nor can they have their own independent transaction scope.","This should never be done when the content can be identified properly, as once identification is lost, it is extremely difficult (and context dependent) to restore it again. Contained resources may have profiles and tags In their meta elements, but SHALL NOT have security labels.","","","","","","","","",,,,,"",,,,"DomainResource.contained",0,*,"","","N/A"
"Consent.extension","Consent.extension","","extensions
user content","",0,*,"","","","Extension {[]} {[]}
","Additional content defined by implementations","May be used to represent additional information that is not part of the basic definition of the resource. To make the use of extensions safe and manageable, there is a strict set of governance  applied to the definition and use of extensions. Though any implementer can define an extension, there is a set of requirements that SHALL be met as part of the definition of the extension.","There can be no stigma associated with the use of extensions by any application, project, or standard - regardless of the institution or jurisdiction that uses or defines the extensions.  The use of extensions is what allows the FHIR specification to retain a core level of simplicity for everyone.","","","","","","","","",,,,,"",,,,"DomainResource.extension",0,*,"","ele-1:All FHIR elements must have a @value or children {hasValue() or (children().count() > id.count())}
ext-1:Must have either extensions or value[x], not both {extension.exists() != value.exists()}","N/A"
"Consent.modifierExtension","Consent.modifierExtension","","extensions
user content","",0,*,"","Y","","Extension {[]} {[]}
","Extensions that cannot be ignored","May be used to represent additional information that is not part of the basic definition of the resource and that modifies the understanding of the element that contains it and/or the understanding of the containing element's descendants. Usually modifier elements provide negation or qualification. To make the use of extensions safe and manageable, there is a strict set of governance applied to the definition and use of extensions. Though any implementer is allowed to define an extension, there is a set of requirements that SHALL be met as part of the definition of the extension. Applications processing a resource are required to check for modifier extensions.

Modifier extensions SHALL NOT change the meaning of any elements on Resource or DomainResource (including cannot change the meaning of modifierExtension itself).","There can be no stigma associated with the use of extensions by any application, project, or standard - regardless of the institution or jurisdiction that uses or defines the extensions.  The use of extensions is what allows the FHIR specification to retain a core level of simplicity for everyone.","Modifier extensions allow for extensions that *cannot* be safely ignored to be clearly distinguished from the vast majority of extensions which can be safely ignored.  This promotes interoperability by eliminating the need for implementers to prohibit the presence of extensions. For further information, see the [definition of modifier extensions](http://hl7.org/fhir/R4/extensibility.html#modifierExtension).","","","","","","","",,,,,"",,,,"DomainResource.modifierExtension",0,*,"","ele-1:All FHIR elements must have a @value or children {hasValue() or (children().count() > id.count())}
ext-1:Must have either extensions or value[x], not both {extension.exists() != value.exists()}","N/A"
"Consent.identifier","Consent.identifier","","","",0,*,"","","Y","Identifier {[]} {[]}
","Identifier for this record (external references)","Unique identifier for this copy of the Consent Statement.","This identifier identifies this copy of the consent. Where this identifier is also used elsewhere as the identifier for a consent record (e.g. a CDA consent document) then the consent details are expected to be the same.","","","","","","<valueIdentifier xmlns=""http://hl7.org/fhir"">
  <system value=""http://acme.org/identifier/local/eCMS""/>
  <value value=""Local eCMS identifier""/>
</valueIdentifier>","","",,,,,"",,,,"Consent.identifier",0,*,"","ele-1:All FHIR elements must have a @value or children {hasValue() or (children().count() > id.count())}
","Event.identifier",".id","FiveWs.identifier"
"Consent.status","Consent.status","","","",1,1,"Y","Y","Y","code {[]} {[]}
","Statut","Indicates the current state of this consent.","This element is labeled as a modifier because the status contains the codes rejected and entered-in-error that mark the Consent as not currently valid.","The Consent Directive that is pointed to might be in various lifecycle states, e.g., a revoked Consent Directive.","","","","","","","",,"required","Indicates the state of the consent.","http://hl7.org/fhir/ValueSet/consent-state-codes|4.0.1","",,,,"Consent.status",1,1,"","ele-1:All FHIR elements must have a @value or children {hasValue() or (children().count() > id.count())}
","Event.status","HL7 Table 0498 - Consent Status",".statusCode","FiveWs.status"
"Consent.scope","Consent.scope","","","",1,1,"Y","Y","Y","CodeableConcept {[]} {[]}
","Consent de type directive anticipée","A selector of the type of consent being presented: ADR, Privacy, Treatment, Research.  This list is now extensible.","","","","","","","","","",,"extensible","The four anticipated uses for the Consent Resource.","http://hl7.org/fhir/ValueSet/consent-scope|4.0.1","",,,,"Consent.scope",1,1,"","ele-1:All FHIR elements must have a @value or children {hasValue() or (children().count() > id.count())}
"
"Consent.scope.id","Consent.scope.id","","","",0,1,"","","","string {[]} {[]}
","Unique id for inter-element referencing","Unique id for the element within a resource (for internal references). This may be any string value that does not contain spaces.","","","","","","","","","",,,,,"",,,,"Element.id",0,1,"","","n/a"
"Consent.scope.extension","Consent.scope.extension","","extensions
user content","",0,*,"","","","Extension {[]} {[]}
","Additional content defined by implementations","May be used to represent additional information that is not part of the basic definition of the element. To make the use of extensions safe and manageable, there is a strict set of governance  applied to the definition and use of extensions. Though any implementer can define an extension, there is a set of requirements that SHALL be met as part of the definition of the extension.","There can be no stigma associated with the use of extensions by any application, project, or standard - regardless of the institution or jurisdiction that uses or defines the extensions.  The use of extensions is what allows the FHIR specification to retain a core level of simplicity for everyone.","","","","","","","","",,,,,"","value:url}
","Extensions are always sliced by (at least) url",,"open","Element.extension",0,*,"","ele-1:All FHIR elements must have a @value or children {hasValue() or (children().count() > id.count())}
ext-1:Must have either extensions or value[x], not both {extension.exists() != value.exists()}","n/a"
"Consent.scope.coding","Consent.scope.coding","","","",0,*,"","","Y","Coding {[]} {[]}
","Code defined by a terminology system","A reference to a code defined by a terminology system.","Codes may be defined very casually in enumerations, or code lists, up to very formal definitions such as SNOMED CT - see the HL7 v3 Core Principles for more information.  Ordering of codings is undefined and SHALL NOT be used to infer meaning. Generally, at most only one of the coding values will be labeled as UserSelected = true.","Allows for alternative encodings within a code system, and translations to other code systems.","","","","","","","",,,,,"",,,,"CodeableConcept.coding",0,*,"","ele-1:All FHIR elements must have a @value or children {hasValue() or (children().count() > id.count())}
","C*E.1-8, C*E.10-22","union(., ./translation)"
"Consent.scope.coding.id","Consent.scope.coding.id","","","",0,1,"","","","string {[]} {[]}
","Unique id for inter-element referencing","Unique id for the element within a resource (for internal references). This may be any string value that does not contain spaces.","","","","","","","","","",,,,,"",,,,"Element.id",0,1,"","","n/a"
"Consent.scope.coding.extension","Consent.scope.coding.extension","","extensions
user content","",0,*,"","","","Extension {[]} {[]}
","Additional content defined by implementations","May be used to represent additional information that is not part of the basic definition of the element. To make the use of extensions safe and manageable, there is a strict set of governance  applied to the definition and use of extensions. Though any implementer can define an extension, there is a set of requirements that SHALL be met as part of the definition of the extension.","There can be no stigma associated with the use of extensions by any application, project, or standard - regardless of the institution or jurisdiction that uses or defines the extensions.  The use of extensions is what allows the FHIR specification to retain a core level of simplicity for everyone.","","","","","","","","",,,,,"","value:url}
","Extensions are always sliced by (at least) url",,"open","Element.extension",0,*,"","ele-1:All FHIR elements must have a @value or children {hasValue() or (children().count() > id.count())}
ext-1:Must have either extensions or value[x], not both {extension.exists() != value.exists()}","n/a"
"Consent.scope.coding.system","Consent.scope.coding.system","","","",0,1,"","","Y","uri {[]} {[]}
","Identity of the terminology system","The identification of the code system that defines the meaning of the symbol in the code.","The URI may be an OID (urn:oid:...) or a UUID (urn:uuid:...).  OIDs and UUIDs SHALL be references to the HL7 OID registry. Otherwise, the URI should come from HL7's list of FHIR defined special URIs or it should reference to some definition that establishes the system clearly and unambiguously.","Need to be unambiguous about the source of the definition of the symbol.","","","","<valueUri xmlns=""http://hl7.org/fhir"" value=""http://terminology.hl7.org/CodeSystem/consentscope""/>","","","",,,,,"",,,,"Coding.system",0,1,"","ele-1:All FHIR elements must have a @value or children {hasValue() or (children().count() > id.count())}
","C*E.3","./codeSystem"
"Consent.scope.coding.version","Consent.scope.coding.version","","","",0,1,"","","Y","string {[]} {[]}
","Version of the system - if relevant","The version of the code system which was used when choosing this code. Note that a well-maintained code system does not need the version reported, because the meaning of codes is consistent across versions. However this cannot consistently be assured, and when the meaning is not guaranteed to be consistent, the version SHOULD be exchanged.","Where the terminology does not clearly define what string should be used to identify code system versions, the recommendation is to use the date (expressed in FHIR date format) on which that version was officially published as the version date.","","","","","","","","",,,,,"",,,,"Coding.version",0,1,"","ele-1:All FHIR elements must have a @value or children {hasValue() or (children().count() > id.count())}
","C*E.7","./codeSystemVersion"
"Consent.scope.coding.code","Consent.scope.coding.code","","","",0,1,"","","Y","code {[]} {[]}
","Symbol in syntax defined by the system","A symbol in syntax defined by the system. The symbol may be a predefined code or an expression in a syntax defined by the coding system (e.g. post-coordination).","","Need to refer to a particular code in the system.","","","","<valueCode xmlns=""http://hl7.org/fhir"" value=""adr""/>","","","",,,,,"",,,,"Coding.code",0,1,"","ele-1:All FHIR elements must have a @value or children {hasValue() or (children().count() > id.count())}
","C*E.1","./code"
"Consent.scope.coding.display","Consent.scope.coding.display","","","",0,1,"","","Y","string {[]} {[]}
","Representation defined by the system","A representation of the meaning of the code in the system, following the rules of the system.","","Need to be able to carry a human-readable meaning of the code for readers that do not know  the system.","","","","<valueString xmlns=""http://hl7.org/fhir"" value=""Advance Directive""/>","","","",,,,,"",,,,"Coding.display",0,1,"","ele-1:All FHIR elements must have a @value or children {hasValue() or (children().count() > id.count())}
","C*E.2 - but note this is not well followed","CV.displayName"
"Consent.scope.coding.userSelected","Consent.scope.coding.userSelected","","","",0,1,"","","Y","boolean {[]} {[]}
","If this coding was chosen directly by the user","Indicates that this coding was chosen by a user directly - e.g. off a pick list of available items (codes or displays).","Amongst a set of alternatives, a directly chosen code is the most appropriate starting point for new translations. There is some ambiguity about what exactly 'directly chosen' implies, and trading partner agreement may be needed to clarify the use of this element and its consequences more completely.","This has been identified as a clinical safety criterium - that this exact system/code pair was chosen explicitly, rather than inferred by the system based on some rules or language processing.","","","","","","","",,,,,"",,,,"Coding.userSelected",0,1,"","ele-1:All FHIR elements must have a @value or children {hasValue() or (children().count() > id.count())}
","Sometimes implied by being first","CD.codingRationale"
"Consent.scope.text","Consent.scope.text","","","",0,1,"","","Y","string {[]} {[]}
","Plain text representation of the concept","A human language representation of the concept as seen/selected/uttered by the user who entered the data and/or which represents the intended meaning of the user.","Very often the text is the same as a displayName of one of the codings.","The codes from the terminologies do not always capture the correct meaning with all the nuances of the human using them, or sometimes there is no appropriate code at all. In these cases, the text is used to capture the full meaning of the source.","","","","","","","",,,,,"",,,,"CodeableConcept.text",0,1,"","ele-1:All FHIR elements must have a @value or children {hasValue() or (children().count() > id.count())}
","C*E.9. But note many systems use C*E.2 for this","./originalText[mediaType/code=""text/plain""]/data"
"Consent.category","Consent.category","","","",1,*,"","","Y","CodeableConcept {[]} {[]}
","Classification of the consent statement - for indexing/retrieval","A classification of the type of consents found in the statement. This element supports indexing and retrieval of consent statements.","","","","","","","","","",,"extensible","A classification of the type of consents found in a consent statement.","http://hl7.org/fhir/ValueSet/consent-category|4.0.1","",,,,"Consent.category",1,*,"","ele-1:All FHIR elements must have a @value or children {hasValue() or (children().count() > id.count())}
","Event.code","HL7 Table 0497 - Consent Type","CNTRCT","FiveWs.class"
"Consent.patient","Consent.patient","","","",0,1,"","","Y","Reference {[]} {[CanonicalType[http://hl7.org/fhir/StructureDefinition/Patient|4.0.1]]}
","Who the consent applies to","The patient/healthcare consumer to whom this consent applies.","Commonly, the patient the consent pertains to is the author, but for young and old people, it may be some other person.","","","","","","","","",,,,,"",,,,"Consent.patient",0,1,"","ele-1:All FHIR elements must have a @value or children {hasValue() or (children().count() > id.count())}
","Event.subject","Role","FiveWs.subject[x]","FiveWs.subject"
"Consent.dateTime","Consent.dateTime","","","",0,1,"Y","","Y","dateTime {[]} {[]}
","Date de la directive anticipée","When this  Consent was issued / created / indexed.","This is not the time of the original consent, but the time that this statement was made or derived.","","","","","","","","",,,,,"",,,,"Consent.dateTime",0,1,"","ele-1:All FHIR elements must have a @value or children {hasValue() or (children().count() > id.count())}
","Event.occurrence[x]","Field 13/ Consent Decision Date","FinancialConsent effectiveTime","FiveWs.recorded"
"Consent.performer","Consent.performer","","consentor
","",0,*,"","","Y","Reference {[]} {[CanonicalType[http://hl7.org/fhir/StructureDefinition/Organization|4.0.1], CanonicalType[http://hl7.org/fhir/StructureDefinition/Patient|4.0.1], CanonicalType[http://hl7.org/fhir/StructureDefinition/Practitioner|4.0.1], CanonicalType[http://hl7.org/fhir/StructureDefinition/RelatedPerson|4.0.1], CanonicalType[http://hl7.org/fhir/StructureDefinition/PractitionerRole|4.0.1]]}
","Who is agreeing to the policy and rules","Either the Grantor, which is the entity responsible for granting the rights listed in a Consent Directive or the Grantee, which is the entity responsible for complying with the Consent Directive, including any obligations or limitations on authorizations and enforcement of prohibitions.","Commonly, the patient the consent pertains to is the consentor, but particularly for young and old people, it may be some other person - e.g. a legal guardian.","","","","","","","","",,,,,"",,,,"Consent.performer",0,*,"","ele-1:All FHIR elements must have a @value or children {hasValue() or (children().count() > id.count())}
","Event.performer","Field 24/ ConsenterID","FiveWs.actor"
"Consent.organization","Consent.organization","","custodian
","",0,*,"","","Y","Reference {[]} {[CanonicalType[http://hl7.org/fhir/StructureDefinition/Organization|4.0.1]]}
","Custodian of the consent","The organization that manages the consent, and the framework within which it is executed.","","","","","","","","","",,,,,"",,,,"Consent.organization",0,*,"","ele-1:All FHIR elements must have a @value or children {hasValue() or (children().count() > id.count())}
","Event.performer","FiveWs.witness"
"Consent.source[x]","Consent.source[x]","","","",0,1,"","","Y","Attachment {[]} {[]}
Reference {[]} {[CanonicalType[http://hl7.org/fhir/StructureDefinition/Consent|4.0.1], CanonicalType[http://hl7.org/fhir/StructureDefinition/DocumentReference|4.0.1], CanonicalType[http://hl7.org/fhir/StructureDefinition/Contract|4.0.1], CanonicalType[http://hl7.org/fhir/StructureDefinition/QuestionnaireResponse|4.0.1]]}","Documents","The source on which this consent statement is based. The source might be a scanned original paper form, or a reference to a consent that links back to such a source, a reference to a document repository (e.g. XDS) that stores the original consent document.","The source can be contained inline (Attachment), referenced directly (Consent), referenced in a consent repository (DocumentReference), or simply by an identifier (Identifier), e.g. a CDA document id.","","","","","","","","",,,,,"","type:$this}
","",,"closed","Consent.source[x]",0,1,"","ele-1:All FHIR elements must have a @value or children {hasValue() or (children().count() > id.count())}
","Field 19 Informational Material Supplied Indicator"
"Consent.source[x]:sourceReference","Consent.source[x]","sourceReference","","",0,1,"Y","","Y","Reference {[]} {[CanonicalType[https://interop.esante.gouv.fr/ig/document/core/StructureDefinition/fr-document-reference-document]]}
","Référence à un document externe","The source on which this consent statement is based. The source might be a scanned original paper form, or a reference to a consent that links back to such a source, a reference to a document repository (e.g. XDS) that stores the original consent document.","The source can be contained inline (Attachment), referenced directly (Consent), referenced in a consent repository (DocumentReference), or simply by an identifier (Identifier), e.g. a CDA document id.","","","","","","","","",,,,,"",,,,"Consent.source[x]",0,1,"","ele-1:All FHIR elements must have a @value or children {hasValue() or (children().count() > id.count())}
","Field 19 Informational Material Supplied Indicator"
"Consent.source[x]:sourceAttachment","Consent.source[x]","sourceAttachment","","",0,1,"Y","","Y","Attachment {[]} {[]}
","Document encapsulé en B64","The source on which this consent statement is based. The source might be a scanned original paper form, or a reference to a consent that links back to such a source, a reference to a document repository (e.g. XDS) that stores the original consent document.","The source can be contained inline (Attachment), referenced directly (Consent), referenced in a consent repository (DocumentReference), or simply by an identifier (Identifier), e.g. a CDA document id.","","","","","","","","",,,,,"",,,,"Consent.source[x]",0,1,"","ele-1:All FHIR elements must have a @value or children {hasValue() or (children().count() > id.count())}
","Field 19 Informational Material Supplied Indicator"
"Consent.source[x]:sourceAttachment.id","Consent.source[x].id","","","",0,1,"","","","string {[]} {[]}
","Unique id for inter-element referencing","Unique id for the element within a resource (for internal references). This may be any string value that does not contain spaces.","","","","","","","","","",,,,,"",,,,"Element.id",0,1,"","","n/a"
"Consent.source[x]:sourceAttachment.extension","Consent.source[x].extension","","extensions
user content","",0,*,"","","","Extension {[]} {[]}
","Additional content defined by implementations","May be used to represent additional information that is not part of the basic definition of the element. To make the use of extensions safe and manageable, there is a strict set of governance  applied to the definition and use of extensions. Though any implementer can define an extension, there is a set of requirements that SHALL be met as part of the definition of the extension.","There can be no stigma associated with the use of extensions by any application, project, or standard - regardless of the institution or jurisdiction that uses or defines the extensions.  The use of extensions is what allows the FHIR specification to retain a core level of simplicity for everyone.","","","","","","","","",,,,,"","value:url}
","Extensions are always sliced by (at least) url",,"open","Element.extension",0,*,"","ele-1:All FHIR elements must have a @value or children {hasValue() or (children().count() > id.count())}
ext-1:Must have either extensions or value[x], not both {extension.exists() != value.exists()}","n/a"
"Consent.source[x]:sourceAttachment.contentType","Consent.source[x].contentType","","","",0,1,"","","Y","code {[]} {[]}
","Mime type of the content, with charset etc.","Identifies the type of the data in the attachment and allows a method to be chosen to interpret or render the data. Includes mime type parameters such as charset where appropriate.","","Processors of the data need to be able to know how to interpret the data.","","","","","<valueCode xmlns=""http://hl7.org/fhir"" value=""text/plain; charset=UTF-8, image/png""/>","","",,"required","The mime type of an attachment. Any valid mime type is allowed.","http://hl7.org/fhir/ValueSet/mimetypes|4.0.1","",,,,"Attachment.contentType",0,1,"","ele-1:All FHIR elements must have a @value or children {hasValue() or (children().count() > id.count())}
","ED.2+ED.3/RP.2+RP.3. Note conversion may be needed if old style values are being used","./mediaType, ./charset"
"Consent.source[x]:sourceAttachment.language","Consent.source[x].language","","","",0,1,"","","Y","code {[]} {[]}
","Human language of the content (BCP-47)","The human language of the content. The value can be any valid value according to BCP 47.","","Users need to be able to choose between the languages in a set of attachments.","","","","","<valueCode xmlns=""http://hl7.org/fhir"" value=""en-AU""/>","","",,"preferred","A human language.","http://hl7.org/fhir/ValueSet/languages|4.0.1","",,,,"Attachment.language",0,1,"","ele-1:All FHIR elements must have a @value or children {hasValue() or (children().count() > id.count())}
","./language"
"Consent.source[x]:sourceAttachment.data","Consent.source[x].data","","","",0,1,"","","","base64Binary {[]} {[]}
","Representation en B64","The actual data of the attachment - a sequence of bytes, base64 encoded.","The base64-encoded data SHALL be expressed in the same character set as the base resource XML or JSON.","The data needs to able to be transmitted inline.","","","","","","","",,,,,"",,,,"Attachment.data",0,1,"","ele-1:All FHIR elements must have a @value or children {hasValue() or (children().count() > id.count())}
","ED.5","./data"
"Consent.source[x]:sourceAttachment.url","Consent.source[x].url","","","",0,1,"","","Y","url {[]} {[]}
","URI","A location where the data can be accessed.","If both data and url are provided, the url SHALL point to the same content as the data contains. Urls may be relative references or may reference transient locations such as a wrapping envelope using cid: though this has ramifications for using signatures. Relative URLs are interpreted relative to the service url, like a resource reference, rather than relative to the resource itself. If a URL is provided, it SHALL resolve to actual data.","The data needs to be transmitted by reference.","","","","","<valueUrl xmlns=""http://hl7.org/fhir"" value=""http://www.acme.com/logo-small.png""/>","","",,,,,"",,,,"Attachment.url",0,1,"","ele-1:All FHIR elements must have a @value or children {hasValue() or (children().count() > id.count())}
","RP.1+RP.2 - if they refer to a URL (see v2.6)","./reference/literal"
"Consent.source[x]:sourceAttachment.size","Consent.source[x].size","","","",0,1,"","","Y","unsignedInt {[]} {[]}
","Number of bytes of content (if url provided)","The number of bytes of data that make up this attachment (before base64 encoding, if that is done).","The number of bytes is redundant if the data is provided as a base64binary, but is useful if the data is provided as a url reference.","Representing the size allows applications to determine whether they should fetch the content automatically in advance, or refuse to fetch it at all.","","","","","","","",,,,,"",,,,"Attachment.size",0,1,"","ele-1:All FHIR elements must have a @value or children {hasValue() or (children().count() > id.count())}
","N/A (needs data type R3 proposal)"
"Consent.source[x]:sourceAttachment.hash","Consent.source[x].hash","","","",0,1,"","","Y","base64Binary {[]} {[]}
","Hash of the data (sha-1, base64ed)","The calculated hash of the data using SHA-1. Represented using base64.","The hash is calculated on the data prior to base64 encoding, if the data is based64 encoded. The hash is not intended to support digital signatures. Where protection against malicious threats a digital signature should be considered, see [Provenance.signature](http://hl7.org/fhir/R4/provenance-definitions.html#Provenance.signature) for mechanism to protect a resource with a digital signature.","Included so that applications can verify that the contents of a location have not changed due to technical failures (e.g., storage rot, transport glitch, incorrect version).","","","","","","","",,,,,"",,,,"Attachment.hash",0,1,"","ele-1:All FHIR elements must have a @value or children {hasValue() or (children().count() > id.count())}
",".integrityCheck[parent::ED/integrityCheckAlgorithm=""SHA-1""]"
"Consent.source[x]:sourceAttachment.title","Consent.source[x].title","","","",0,1,"","","Y","string {[]} {[]}
","Label to display in place of the data","A label or set of text to display in place of the data.","","Applications need a label to display to a human user in place of the actual data if the data cannot be rendered or perceived by the viewer.","","","","","<valueString xmlns=""http://hl7.org/fhir"" value=""Official Corporate Logo""/>","","",,,,,"",,,,"Attachment.title",0,1,"","ele-1:All FHIR elements must have a @value or children {hasValue() or (children().count() > id.count())}
","./title/data"
"Consent.source[x]:sourceAttachment.creation","Consent.source[x].creation","","","",0,1,"","","Y","dateTime {[]} {[]}
","Date attachment was first created","The date that the attachment was first created.","","This is often tracked as an integrity issue for use of the attachment.","","","","","","","",,,,,"",,,,"Attachment.creation",0,1,"","ele-1:All FHIR elements must have a @value or children {hasValue() or (children().count() > id.count())}
","N/A (needs data type R3 proposal)"
"Consent.policy","Consent.policy","","","",0,*,"","","","BackboneElement {[]} {[]}
","Policies covered by this consent","The references to the policies that are included in this consent scope. Policies may be organizational, but are often defined jurisdictionally, or in law.","","","","","","","","","",,,,,"",,,,"Consent.policy",0,*,"","ele-1:All FHIR elements must have a @value or children {hasValue() or (children().count() > id.count())}
"
"Consent.policy.id","Consent.policy.id","","","",0,1,"","","","string {[]} {[]}
","Unique id for inter-element referencing","Unique id for the element within a resource (for internal references). This may be any string value that does not contain spaces.","","","","","","","","","",,,,,"",,,,"Element.id",0,1,"","","n/a"
"Consent.policy.extension","Consent.policy.extension","","extensions
user content","",0,*,"","","","Extension {[]} {[]}
","Additional content defined by implementations","May be used to represent additional information that is not part of the basic definition of the element. To make the use of extensions safe and manageable, there is a strict set of governance  applied to the definition and use of extensions. Though any implementer can define an extension, there is a set of requirements that SHALL be met as part of the definition of the extension.","There can be no stigma associated with the use of extensions by any application, project, or standard - regardless of the institution or jurisdiction that uses or defines the extensions.  The use of extensions is what allows the FHIR specification to retain a core level of simplicity for everyone.","","","","","","","","",,,,,"",,,,"Element.extension",0,*,"","ele-1:All FHIR elements must have a @value or children {hasValue() or (children().count() > id.count())}
ext-1:Must have either extensions or value[x], not both {extension.exists() != value.exists()}","n/a"
"Consent.policy.modifierExtension","Consent.policy.modifierExtension","","extensions
user contentmodifiers","",0,*,"","Y","Y","Extension {[]} {[]}
","Extensions that cannot be ignored even if unrecognized","May be used to represent additional information that is not part of the basic definition of the element and that modifies the understanding of the element in which it is contained and/or the understanding of the containing element's descendants. Usually modifier elements provide negation or qualification. To make the use of extensions safe and manageable, there is a strict set of governance applied to the definition and use of extensions. Though any implementer can define an extension, there is a set of requirements that SHALL be met as part of the definition of the extension. Applications processing a resource are required to check for modifier extensions.

Modifier extensions SHALL NOT change the meaning of any elements on Resource or DomainResource (including cannot change the meaning of modifierExtension itself).","There can be no stigma associated with the use of extensions by any application, project, or standard - regardless of the institution or jurisdiction that uses or defines the extensions.  The use of extensions is what allows the FHIR specification to retain a core level of simplicity for everyone.","Modifier extensions allow for extensions that *cannot* be safely ignored to be clearly distinguished from the vast majority of extensions which can be safely ignored.  This promotes interoperability by eliminating the need for implementers to prohibit the presence of extensions. For further information, see the [definition of modifier extensions](http://hl7.org/fhir/R4/extensibility.html#modifierExtension).","","","","","","","",,,,,"",,,,"BackboneElement.modifierExtension",0,*,"","ele-1:All FHIR elements must have a @value or children {hasValue() or (children().count() > id.count())}
ext-1:Must have either extensions or value[x], not both {extension.exists() != value.exists()}","N/A"
"Consent.policy.authority","Consent.policy.authority","","","",0,1,"","","","uri {[]} {[]}
","Enforcement source for policy","Entity or Organization having regulatory jurisdiction or accountability for  enforcing policies pertaining to Consent Directives.","","","","","","","","","",,,,,"",,,,"Consent.policy.authority",0,1,"ppc-1
","ele-1:All FHIR elements must have a @value or children {hasValue() or (children().count() > id.count())}
"
"Consent.policy.uri","Consent.policy.uri","","","",0,1,"","","","uri {[]} {[]}
","Specific policy covered by this consent","The references to the policies that are included in this consent scope. Policies may be organizational, but are often defined jurisdictionally, or in law.","This element is for discoverability / documentation and does not modify or qualify the policy rules.","","","","","","","","",,,,,"",,,,"Consent.policy.uri",0,1,"ppc-1
","ele-1:All FHIR elements must have a @value or children {hasValue() or (children().count() > id.count())}
"
"Consent.policyRule","Consent.policyRule","","","",0,1,"","","Y","CodeableConcept {[]} {[]}
","Regulation that this consents to","A reference to the specific base computable regulation or policy.","If the policyRule is absent, computable consent would need to be constructed from the elements of the Consent resource.","Might be a unique identifier of a policy set in XACML, or other rules engine.","","","","","","","",,"extensible","Regulatory policy examples.","http://hl7.org/fhir/ValueSet/consent-policy|4.0.1","",,,,"Consent.policyRule",0,1,"ppc-1
","ele-1:All FHIR elements must have a @value or children {hasValue() or (children().count() > id.count())}
"
"Consent.verification","Consent.verification","","","",0,*,"","","Y","BackboneElement {[]} {[]}
","Consent Verified by patient or family","Whether a treatment instruction (e.g. artificial respiration yes or no) was verified with the patient, his/her family or another authorized person.","","","","","","","","","",,,,,"",,,,"Consent.verification",0,*,"","ele-1:All FHIR elements must have a @value or children {hasValue() or (children().count() > id.count())}
"
"Consent.verification.id","Consent.verification.id","","","",0,1,"","","","string {[]} {[]}
","Unique id for inter-element referencing","Unique id for the element within a resource (for internal references). This may be any string value that does not contain spaces.","","","","","","","","","",,,,,"",,,,"Element.id",0,1,"","","n/a"
"Consent.verification.extension","Consent.verification.extension","","extensions
user content","",0,*,"","","","Extension {[]} {[]}
","Additional content defined by implementations","May be used to represent additional information that is not part of the basic definition of the element. To make the use of extensions safe and manageable, there is a strict set of governance  applied to the definition and use of extensions. Though any implementer can define an extension, there is a set of requirements that SHALL be met as part of the definition of the extension.","There can be no stigma associated with the use of extensions by any application, project, or standard - regardless of the institution or jurisdiction that uses or defines the extensions.  The use of extensions is what allows the FHIR specification to retain a core level of simplicity for everyone.","","","","","","","","",,,,,"",,,,"Element.extension",0,*,"","ele-1:All FHIR elements must have a @value or children {hasValue() or (children().count() > id.count())}
ext-1:Must have either extensions or value[x], not both {extension.exists() != value.exists()}","n/a"
"Consent.verification.modifierExtension","Consent.verification.modifierExtension","","extensions
user contentmodifiers","",0,*,"","Y","Y","Extension {[]} {[]}
","Extensions that cannot be ignored even if unrecognized","May be used to represent additional information that is not part of the basic definition of the element and that modifies the understanding of the element in which it is contained and/or the understanding of the containing element's descendants. Usually modifier elements provide negation or qualification. To make the use of extensions safe and manageable, there is a strict set of governance applied to the definition and use of extensions. Though any implementer can define an extension, there is a set of requirements that SHALL be met as part of the definition of the extension. Applications processing a resource are required to check for modifier extensions.

Modifier extensions SHALL NOT change the meaning of any elements on Resource or DomainResource (including cannot change the meaning of modifierExtension itself).","There can be no stigma associated with the use of extensions by any application, project, or standard - regardless of the institution or jurisdiction that uses or defines the extensions.  The use of extensions is what allows the FHIR specification to retain a core level of simplicity for everyone.","Modifier extensions allow for extensions that *cannot* be safely ignored to be clearly distinguished from the vast majority of extensions which can be safely ignored.  This promotes interoperability by eliminating the need for implementers to prohibit the presence of extensions. For further information, see the [definition of modifier extensions](http://hl7.org/fhir/R4/extensibility.html#modifierExtension).","","","","","","","",,,,,"",,,,"BackboneElement.modifierExtension",0,*,"","ele-1:All FHIR elements must have a @value or children {hasValue() or (children().count() > id.count())}
ext-1:Must have either extensions or value[x], not both {extension.exists() != value.exists()}","N/A"
"Consent.verification.verified","Consent.verification.verified","","","",1,1,"","","Y","boolean {[]} {[]}
","Has been verified","Has the instruction been verified.","","","","","","","","","",,,,,"",,,,"Consent.verification.verified",1,1,"","ele-1:All FHIR elements must have a @value or children {hasValue() or (children().count() > id.count())}
"
"Consent.verification.verifiedWith","Consent.verification.verifiedWith","","","",0,1,"","","","Reference {[]} {[CanonicalType[http://hl7.org/fhir/StructureDefinition/Patient|4.0.1], CanonicalType[http://hl7.org/fhir/StructureDefinition/RelatedPerson|4.0.1]]}
","Person who verified","Who verified the instruction (Patient, Relative or other Authorized Person).","","","","","","","","","",,,,,"",,,,"Consent.verification.verifiedWith",0,1,"","ele-1:All FHIR elements must have a @value or children {hasValue() or (children().count() > id.count())}
"
"Consent.verification.verificationDate","Consent.verification.verificationDate","","","",0,1,"","","","dateTime {[]} {[]}
","When consent verified","Date verification was collected.","","","","","","","","","",,,,,"",,,,"Consent.verification.verificationDate",0,1,"","ele-1:All FHIR elements must have a @value or children {hasValue() or (children().count() > id.count())}
"
"Consent.provision","Consent.provision","","","",0,1,"Y","","Y","BackboneElement {[]} {[]}
","Constraints to the base Consent.policyRule","An exception to the base policy of this consent. An exception can be an addition or removal of access permissions.","","","","","","","","","",,,,,"",,,,"Consent.provision",0,1,"","ele-1:All FHIR elements must have a @value or children {hasValue() or (children().count() > id.count())}
"
"Consent.provision.id","Consent.provision.id","","","",0,1,"","","","string {[]} {[]}
","Unique id for inter-element referencing","Unique id for the element within a resource (for internal references). This may be any string value that does not contain spaces.","","","","","","","","","",,,,,"",,,,"Element.id",0,1,"","","n/a"
"Consent.provision.extension","Consent.provision.extension","","extensions
user content","",0,*,"","","","Extension {[]} {[]}
","Additional content defined by implementations","May be used to represent additional information that is not part of the basic definition of the element. To make the use of extensions safe and manageable, there is a strict set of governance  applied to the definition and use of extensions. Though any implementer can define an extension, there is a set of requirements that SHALL be met as part of the definition of the extension.","There can be no stigma associated with the use of extensions by any application, project, or standard - regardless of the institution or jurisdiction that uses or defines the extensions.  The use of extensions is what allows the FHIR specification to retain a core level of simplicity for everyone.","","","","","","","","",,,,,"",,,,"Element.extension",0,*,"","ele-1:All FHIR elements must have a @value or children {hasValue() or (children().count() > id.count())}
ext-1:Must have either extensions or value[x], not both {extension.exists() != value.exists()}","n/a"
"Consent.provision.modifierExtension","Consent.provision.modifierExtension","","extensions
user contentmodifiers","",0,*,"","Y","Y","Extension {[]} {[]}
","Extensions that cannot be ignored even if unrecognized","May be used to represent additional information that is not part of the basic definition of the element and that modifies the understanding of the element in which it is contained and/or the understanding of the containing element's descendants. Usually modifier elements provide negation or qualification. To make the use of extensions safe and manageable, there is a strict set of governance applied to the definition and use of extensions. Though any implementer can define an extension, there is a set of requirements that SHALL be met as part of the definition of the extension. Applications processing a resource are required to check for modifier extensions.

Modifier extensions SHALL NOT change the meaning of any elements on Resource or DomainResource (including cannot change the meaning of modifierExtension itself).","There can be no stigma associated with the use of extensions by any application, project, or standard - regardless of the institution or jurisdiction that uses or defines the extensions.  The use of extensions is what allows the FHIR specification to retain a core level of simplicity for everyone.","Modifier extensions allow for extensions that *cannot* be safely ignored to be clearly distinguished from the vast majority of extensions which can be safely ignored.  This promotes interoperability by eliminating the need for implementers to prohibit the presence of extensions. For further information, see the [definition of modifier extensions](http://hl7.org/fhir/R4/extensibility.html#modifierExtension).","","","","","","","",,,,,"",,,,"BackboneElement.modifierExtension",0,*,"","ele-1:All FHIR elements must have a @value or children {hasValue() or (children().count() > id.count())}
ext-1:Must have either extensions or value[x], not both {extension.exists() != value.exists()}","N/A"
"Consent.provision.type","Consent.provision.type","","","",0,1,"","","Y","code {[]} {[]}
","Procédure autorisée ou pas :
Le type de la directive identifiée permet d’indiquer l’autorisation ou la non autorisation :
- si l’élément <<provision.code>> est 'Autre directive' : dans ce cas, l'élément <<provision.type>> n'est pas présent
- si l’élément <<provision.code>> est 'Directives anticipées' : dans ce cas, l'élément <<provision.type>> n'est pas présent et un document encodé en B64 est encapsulé dans l'élément 'sourceAttachment'.","Action  to take - permit or deny - when the rule conditions are met.  Not permitted in root rule, required in all nested rules.","","","","","","","","","",,"required","How a rule statement is applied, such as adding additional consent or removing consent.","http://hl7.org/fhir/ValueSet/consent-provision-type|4.0.1","",,,,"Consent.provision.type",0,1,"","ele-1:All FHIR elements must have a @value or children {hasValue() or (children().count() > id.count())}
"
"Consent.provision.period","Consent.provision.period","","","",0,1,"","","Y","Period {[]} {[]}
","Timeframe for this rule","The timeframe in this rule is valid.","","","","","","","","","",,,,,"",,,,"Consent.provision.period",0,1,"","ele-1:All FHIR elements must have a @value or children {hasValue() or (children().count() > id.count())}
"
"Consent.provision.actor","Consent.provision.actor","","","",0,*,"","","","BackboneElement {[]} {[]}
","Who|what controlled by this rule (or group, by role)","Who or what is controlled by this rule. Use group to identify a set of actors by some property they share (e.g. 'admitting officers').","","","","There is no specific actor associated with the exception","","","","","",,,,,"",,,,"Consent.provision.actor",0,*,"","ele-1:All FHIR elements must have a @value or children {hasValue() or (children().count() > id.count())}
"
"Consent.provision.actor.id","Consent.provision.actor.id","","","",0,1,"","","","string {[]} {[]}
","Unique id for inter-element referencing","Unique id for the element within a resource (for internal references). This may be any string value that does not contain spaces.","","","","","","","","","",,,,,"",,,,"Element.id",0,1,"","","n/a"
"Consent.provision.actor.extension","Consent.provision.actor.extension","","extensions
user content","",0,*,"","","","Extension {[]} {[]}
","Additional content defined by implementations","May be used to represent additional information that is not part of the basic definition of the element. To make the use of extensions safe and manageable, there is a strict set of governance  applied to the definition and use of extensions. Though any implementer can define an extension, there is a set of requirements that SHALL be met as part of the definition of the extension.","There can be no stigma associated with the use of extensions by any application, project, or standard - regardless of the institution or jurisdiction that uses or defines the extensions.  The use of extensions is what allows the FHIR specification to retain a core level of simplicity for everyone.","","","","","","","","",,,,,"",,,,"Element.extension",0,*,"","ele-1:All FHIR elements must have a @value or children {hasValue() or (children().count() > id.count())}
ext-1:Must have either extensions or value[x], not both {extension.exists() != value.exists()}","n/a"
"Consent.provision.actor.modifierExtension","Consent.provision.actor.modifierExtension","","extensions
user contentmodifiers","",0,*,"","Y","Y","Extension {[]} {[]}
","Extensions that cannot be ignored even if unrecognized","May be used to represent additional information that is not part of the basic definition of the element and that modifies the understanding of the element in which it is contained and/or the understanding of the containing element's descendants. Usually modifier elements provide negation or qualification. To make the use of extensions safe and manageable, there is a strict set of governance applied to the definition and use of extensions. Though any implementer can define an extension, there is a set of requirements that SHALL be met as part of the definition of the extension. Applications processing a resource are required to check for modifier extensions.

Modifier extensions SHALL NOT change the meaning of any elements on Resource or DomainResource (including cannot change the meaning of modifierExtension itself).","There can be no stigma associated with the use of extensions by any application, project, or standard - regardless of the institution or jurisdiction that uses or defines the extensions.  The use of extensions is what allows the FHIR specification to retain a core level of simplicity for everyone.","Modifier extensions allow for extensions that *cannot* be safely ignored to be clearly distinguished from the vast majority of extensions which can be safely ignored.  This promotes interoperability by eliminating the need for implementers to prohibit the presence of extensions. For further information, see the [definition of modifier extensions](http://hl7.org/fhir/R4/extensibility.html#modifierExtension).","","","","","","","",,,,,"",,,,"BackboneElement.modifierExtension",0,*,"","ele-1:All FHIR elements must have a @value or children {hasValue() or (children().count() > id.count())}
ext-1:Must have either extensions or value[x], not both {extension.exists() != value.exists()}","N/A"
"Consent.provision.actor.role","Consent.provision.actor.role","","","",1,1,"","","","CodeableConcept {[]} {[]}
","How the actor is involved","How the individual is involved in the resources content that is described in the exception.","","","","","","","","","",,"extensible","How an actor is involved in the consent considerations.","http://hl7.org/fhir/ValueSet/security-role-type|4.0.1","",,,,"Consent.provision.actor.role",1,1,"","ele-1:All FHIR elements must have a @value or children {hasValue() or (children().count() > id.count())}
"
"Consent.provision.actor.reference","Consent.provision.actor.reference","","","",1,1,"","","","Reference {[]} {[CanonicalType[http://hl7.org/fhir/StructureDefinition/Device|4.0.1], CanonicalType[http://hl7.org/fhir/StructureDefinition/Group|4.0.1], CanonicalType[http://hl7.org/fhir/StructureDefinition/CareTeam|4.0.1], CanonicalType[http://hl7.org/fhir/StructureDefinition/Organization|4.0.1], CanonicalType[http://hl7.org/fhir/StructureDefinition/Patient|4.0.1], CanonicalType[http://hl7.org/fhir/StructureDefinition/Practitioner|4.0.1], CanonicalType[http://hl7.org/fhir/StructureDefinition/RelatedPerson|4.0.1], CanonicalType[http://hl7.org/fhir/StructureDefinition/PractitionerRole|4.0.1]]}
","Resource for the actor (or group, by role)","The resource that identifies the actor. To identify actors by type, use group to identify a set of actors by some property they share (e.g. 'admitting officers').","","","","","","","","","",,,,,"",,,,"Consent.provision.actor.reference",1,1,"","ele-1:All FHIR elements must have a @value or children {hasValue() or (children().count() > id.count())}
"
"Consent.provision.action","Consent.provision.action","","","",0,*,"","","Y","CodeableConcept {[]} {[]}
","Actions controlled by this rule","Actions controlled by this Rule.","Note that this is the direct action (not the grounds for the action covered in the purpose element). At present, the only action in the understood and tested scope of this resource is 'read'.","","","all actions","","","","","",,"example","Detailed codes for the consent action.","http://hl7.org/fhir/ValueSet/consent-action|4.0.1","",,,,"Consent.provision.action",0,*,"","ele-1:All FHIR elements must have a @value or children {hasValue() or (children().count() > id.count())}
"
"Consent.provision.securityLabel","Consent.provision.securityLabel","","","",0,*,"","","Y","Coding {[]} {[]}
","Security Labels that define affected resources","A security label, comprised of 0..* security label fields (Privacy tags), which define which resources are controlled by this exception.","If the consent specifies a security label of ""R"" then it applies to all resources that are labeled ""R"" or lower. E.g. for Confidentiality, it's a high water mark. For other kinds of security labels, subsumption logic applies. When the purpose of use tag is on the data, access request purpose of use shall not conflict.","","","","","","","","",,"extensible","Security Labels from the Healthcare Privacy and Security Classification System.","http://hl7.org/fhir/ValueSet/security-labels|4.0.1","",,,,"Consent.provision.securityLabel",0,*,"","ele-1:All FHIR elements must have a @value or children {hasValue() or (children().count() > id.count())}
"
"Consent.provision.purpose","Consent.provision.purpose","","","",0,*,"","","Y","Coding {[]} {[]}
","Context of activities covered by this rule","The context of the activities a user is taking - why the user is accessing the data - that are controlled by this rule.","When the purpose of use tag is on the data, access request purpose of use shall not conflict.","","","","","","","","",,"extensible","What purposes of use are controlled by this exception. If more than one label is specified, operations must have all the specified labels.","http://terminology.hl7.org/ValueSet/v3-PurposeOfUse","",,,,"Consent.provision.purpose",0,*,"","ele-1:All FHIR elements must have a @value or children {hasValue() or (children().count() > id.count())}
"
"Consent.provision.class","Consent.provision.class","","","",0,*,"","","Y","Coding {[]} {[]}
","e.g. Resource Type, Profile, CDA, etc.","The class of information covered by this rule. The type can be a FHIR resource type, a profile on a type, or a CDA document, or some other type that indicates what sort of information the consent relates to.","Multiple types are or'ed together. The intention of the contentType element is that the codes refer to profiles or document types defined in a standard or an implementation guide somewhere.","","","","","","","","",,"extensible","The class (type) of information a consent rule covers.","http://hl7.org/fhir/ValueSet/consent-content-class|4.0.1","",,,,"Consent.provision.class",0,*,"","ele-1:All FHIR elements must have a @value or children {hasValue() or (children().count() > id.count())}
"
"Consent.provision.code","Consent.provision.code","","","",0,*,"","","Y","CodeableConcept {[]} {[]}
","Type de la directive anticipée","If this code is found in an instance, then the rule applies.","Typical use of this is a Document code with class = CDA.","","","","","","","","",,"required","","https://smt.esante.gouv.fr/fhir/ValueSet/jdv-type-directive-anticipee-cisis","",,,,"Consent.provision.code",0,*,"","ele-1:All FHIR elements must have a @value or children {hasValue() or (children().count() > id.count())}
"
"Consent.provision.dataPeriod","Consent.provision.dataPeriod","","","",0,1,"","","Y","Period {[]} {[]}
","Timeframe for data controlled by this rule","Clinical or Operational Relevant period of time that bounds the data controlled by this rule.","This has a different sense to the Consent.period - that is when the consent agreement holds. This is the time period of the data that is controlled by the agreement.","","","","","","","","",,,,,"",,,,"Consent.provision.dataPeriod",0,1,"","ele-1:All FHIR elements must have a @value or children {hasValue() or (children().count() > id.count())}
"
"Consent.provision.data","Consent.provision.data","","","",0,*,"","","Y","BackboneElement {[]} {[]}
","Data controlled by this rule","The resources controlled by this rule if specific resources are referenced.","","","","all data","","","","","",,,,,"",,,,"Consent.provision.data",0,*,"","ele-1:All FHIR elements must have a @value or children {hasValue() or (children().count() > id.count())}
","Role"
"Consent.provision.data.id","Consent.provision.data.id","","","",0,1,"","","","string {[]} {[]}
","Unique id for inter-element referencing","Unique id for the element within a resource (for internal references). This may be any string value that does not contain spaces.","","","","","","","","","",,,,,"",,,,"Element.id",0,1,"","","n/a"
"Consent.provision.data.extension","Consent.provision.data.extension","","extensions
user content","",0,*,"","","","Extension {[]} {[]}
","Additional content defined by implementations","May be used to represent additional information that is not part of the basic definition of the element. To make the use of extensions safe and manageable, there is a strict set of governance  applied to the definition and use of extensions. Though any implementer can define an extension, there is a set of requirements that SHALL be met as part of the definition of the extension.","There can be no stigma associated with the use of extensions by any application, project, or standard - regardless of the institution or jurisdiction that uses or defines the extensions.  The use of extensions is what allows the FHIR specification to retain a core level of simplicity for everyone.","","","","","","","","",,,,,"",,,,"Element.extension",0,*,"","ele-1:All FHIR elements must have a @value or children {hasValue() or (children().count() > id.count())}
ext-1:Must have either extensions or value[x], not both {extension.exists() != value.exists()}","n/a"
"Consent.provision.data.modifierExtension","Consent.provision.data.modifierExtension","","extensions
user contentmodifiers","",0,*,"","Y","Y","Extension {[]} {[]}
","Extensions that cannot be ignored even if unrecognized","May be used to represent additional information that is not part of the basic definition of the element and that modifies the understanding of the element in which it is contained and/or the understanding of the containing element's descendants. Usually modifier elements provide negation or qualification. To make the use of extensions safe and manageable, there is a strict set of governance applied to the definition and use of extensions. Though any implementer can define an extension, there is a set of requirements that SHALL be met as part of the definition of the extension. Applications processing a resource are required to check for modifier extensions.

Modifier extensions SHALL NOT change the meaning of any elements on Resource or DomainResource (including cannot change the meaning of modifierExtension itself).","There can be no stigma associated with the use of extensions by any application, project, or standard - regardless of the institution or jurisdiction that uses or defines the extensions.  The use of extensions is what allows the FHIR specification to retain a core level of simplicity for everyone.","Modifier extensions allow for extensions that *cannot* be safely ignored to be clearly distinguished from the vast majority of extensions which can be safely ignored.  This promotes interoperability by eliminating the need for implementers to prohibit the presence of extensions. For further information, see the [definition of modifier extensions](http://hl7.org/fhir/R4/extensibility.html#modifierExtension).","","","","","","","",,,,,"",,,,"BackboneElement.modifierExtension",0,*,"","ele-1:All FHIR elements must have a @value or children {hasValue() or (children().count() > id.count())}
ext-1:Must have either extensions or value[x], not both {extension.exists() != value.exists()}","N/A"
"Consent.provision.data.meaning","Consent.provision.data.meaning","","","",1,1,"","","Y","code {[]} {[]}
","instance | related | dependents | authoredby","How the resource reference is interpreted when testing consent restrictions.","","","","","","","","","",,"required","How a resource reference is interpreted when testing consent restrictions.","http://hl7.org/fhir/ValueSet/consent-data-meaning|4.0.1","",,,,"Consent.provision.data.meaning",1,1,"","ele-1:All FHIR elements must have a @value or children {hasValue() or (children().count() > id.count())}
"
"Consent.provision.data.reference","Consent.provision.data.reference","","","",1,1,"","","Y","Reference {[]} {[CanonicalType[http://hl7.org/fhir/StructureDefinition/Resource|4.0.1]]}
","The actual data reference","A reference to a specific resource that defines which resources are covered by this consent.","","","","","","","","","",,,,,"",,,,"Consent.provision.data.reference",1,1,"","ele-1:All FHIR elements must have a @value or children {hasValue() or (children().count() > id.count())}
"
"Consent.provision.provision","Consent.provision.provision","","","",0,*,"","","","null {[]} {[]}
","Nested Exception Rules","Rules which provide exceptions to the base rule or subrules.","","","","","","","","","",,,,,"",,,,"Consent.provision.provision",0,*,"","ele-1:All FHIR elements must have a @value or children {hasValue() or (children().count() > id.count())}
"
