"Id","Path","Slice Name","Alias(s)","Label","Min","Max","Must Support?","Is Modifier?","Is Summary?","Type(s)","Short","Definition","Comments","Requirements","Default Value","Meaning When Missing","Fixed Value","Pattern","Example","Minimum Value","Maximum Value","Maximum Length","Binding Strength","Binding Description","Binding Value Set","Code","Slicing Discriminator","Slicing Description","Slicing Ordered","Slicing Rules","Base Path","Base Min","Base Max","Condition(s)","Constraint(s)"
"fr-lm-exposition-radiations","fr-lm-exposition-radiations","","","",0,*,"","","","null {[]} {[]}
","Modèle logique métier - FR LM Exposition aux radiations","Section Exposition aux radiations","","","","","","","","","",,,,,"",,,,"Base",0,*,"",""
"fr-lm-exposition-radiations.codeSection","fr-lm-exposition-radiations.codeSection","","","",1,1,"","","","CodeableConcept {[]} {[]}
","Code de la section","Code de la section","","","","","","","","","",,,,,"",,,,"fr-lm-section.codeSection",1,1,"",""
"fr-lm-exposition-radiations.titreSection","fr-lm-exposition-radiations.titreSection","","","",1,1,"","","","string {[]} {[]}
","Titre de la section","Titre de la section","","","","","","","","","",,,,,"",,,,"fr-lm-section.titreSection",0,1,"",""
"fr-lm-exposition-radiations.blocNarratif","fr-lm-exposition-radiations.blocNarratif","","","",1,1,"","","","Narrative {[]} {[]}
","Bloc narratif","Bloc narratif","","","","","","","","","",,,,,"",,,,"fr-lm-section.blocNarratif",1,1,"",""
"fr-lm-exposition-radiations.sousSection","fr-lm-exposition-radiations.sousSection","","","",0,0,"","","","Base {[]} {[]}
","Sous-sections","Sous-sections","","","","","","","","","",,,,,"",,,,"fr-lm-section.sousSection",0,*,"",""
"fr-lm-exposition-radiations.entree","fr-lm-exposition-radiations.entree","","","",0,*,"","","","Base {[]} {[]}
","Entrées","Entrées","","","","","","","","","",,,,,"",,,,"fr-lm-section.entree",0,*,"",""
"fr-lm-exposition-radiations.entree.autorisationExposition","fr-lm-exposition-radiations.entree.autorisationExposition","","","",1,1,"","","","https://interop.esante.gouv.fr/ig/document/core/StructureDefinition/fr-lm-autorisation-exposition {[]} {[]}
","Entrée autorisation à l'exposition aux rayonnements ionisants","Entrée autorisation à l'exposition aux rayonnements ionisants","","","","","","","","","",,,,,"",,,,"fr-lm-exposition-radiations.entree.autorisationExposition",1,1,"",""
"fr-lm-exposition-radiations.entree.quantiteExposition","fr-lm-exposition-radiations.entree.quantiteExposition","","","",0,*,"","","","https://interop.esante.gouv.fr/ig/document/core/StructureDefinition/fr-lm-quantite-exposition {[]} {[]}
","Entrée Quantité","Entrée Quantité","","","","","","","","","",,,,,"",,,,"fr-lm-exposition-radiations.entree.quantiteExposition",0,*,"",""
"fr-lm-exposition-radiations.entree.administrationRadiopharmaceutique","fr-lm-exposition-radiations.entree.administrationRadiopharmaceutique","","","",0,1,"","","","https://interop.esante.gouv.fr/ig/document/core/StructureDefinition/fr-lm-administration-produit-de-sante {[]} {[]}
","Entrée administration des produits radiopharmaceutiques","Entrée administration des produits radiopharmaceutiques","","","","","","","","","",,,,,"",,,,"fr-lm-exposition-radiations.entree.administrationRadiopharmaceutique",0,1,"",""
