"Id","Path","Slice Name","Alias(s)","Label","Min","Max","Must Support?","Is Modifier?","Is Summary?","Type(s)","Short","Definition","Comments","Requirements","Default Value","Meaning When Missing","Fixed Value","Pattern","Example","Minimum Value","Maximum Value","Maximum Length","Binding Strength","Binding Description","Binding Value Set","Code","Slicing Discriminator","Slicing Description","Slicing Ordered","Slicing Rules","Base Path","Base Min","Base Max","Condition(s)","Constraint(s)"
"fr-lm-habitus-mode-de-vie","fr-lm-habitus-mode-de-vie","","","",0,*,"","","","null {[]} {[]}
","Modèle logique métier - FR LM Habitus et modes de vie","Section Habitus et modes de vie","","","","","","","","","",,,,,"",,,,"Base",0,*,"",""
"fr-lm-habitus-mode-de-vie.codeSection","fr-lm-habitus-mode-de-vie.codeSection","","","",1,1,"","","","CodeableConcept {[]} {[]}
","Code de la section","Code de la section","","","","","","","","","",,,,,"",,,,"fr-lm-section.codeSection",1,1,"",""
"fr-lm-habitus-mode-de-vie.titreSection","fr-lm-habitus-mode-de-vie.titreSection","","","",1,1,"","","","string {[]} {[]}
","Titre de la section","Titre de la section","","","","","","","","","",,,,,"",,,,"fr-lm-section.titreSection",0,1,"",""
"fr-lm-habitus-mode-de-vie.blocNarratif","fr-lm-habitus-mode-de-vie.blocNarratif","","","",1,1,"","","","Narrative {[]} {[]}
","Bloc narratif","Bloc narratif","","","","","","","","","",,,,,"",,,,"fr-lm-section.blocNarratif",1,1,"",""
"fr-lm-habitus-mode-de-vie.sousSection","fr-lm-habitus-mode-de-vie.sousSection","","","",0,0,"","","","Base {[]} {[]}
","Sous-sections","Sous-sections","","","","","","","","","",,,,,"",,,,"fr-lm-section.sousSection",0,*,"",""
"fr-lm-habitus-mode-de-vie.entree","fr-lm-habitus-mode-de-vie.entree","","","",0,*,"","","","Base {[]} {[]}
","Entrées","Entrées","","","","","","","","","",,,,,"",,,,"fr-lm-section.entree",0,*,"",""
"fr-lm-habitus-mode-de-vie.entree.habitusModeDeVieEntry","fr-lm-habitus-mode-de-vie.entree.habitusModeDeVieEntry","","","",0,*,"","","","https://interop.esante.gouv.fr/ig/document/core/StructureDefinition/fr-lm-habitus-mode-de-vie {[]} {[]}
","Entrée Habitus, Mode de vie","Entrée Habitus, Mode de vie","","","","","","","","","",,,,,"",,,,"fr-lm-habitus-mode-de-vie.entree.habitusModeDeVieEntry",0,*,"",""
