"Id","Path","Slice Name","Alias(s)","Label","Min","Max","Must Support?","Is Modifier?","Is Summary?","Type(s)","Short","Definition","Comments","Requirements","Default Value","Meaning When Missing","Fixed Value","Pattern","Example","Minimum Value","Maximum Value","Maximum Length","Binding Strength","Binding Description","Binding Value Set","Code","Slicing Discriminator","Slicing Description","Slicing Ordered","Slicing Rules","Base Path","Base Min","Base Max","Condition(s)","Constraint(s)","Mapping: RIM Mapping"
"Organization","Organization","","","",1,1,"","","","null {[]} {[]}
","Base for all types and resources","Defines the basic properties of every data value. This is an abstract type, meaning that no value can be just a data value without belonging to any concrete type. Every concrete type is a specialization of this general abstract DataValue type.","","","","","","","","","",,,,,"",,,,"Base",0,*,"","","n/a"
"Organization.nullFlavor","Organization.nullFlavor","","","Exceptional Value Detail",0,1,"","","","code {[CanonicalType[http://hl7.org/cda/stds/core/StructureDefinition/cs-simple]]} {[]}
","","If a value is an exceptional value (NULL-value), this specifies in what way and why proper information is missing.","","","","","","","","","",,"required","","http://hl7.org/cda/stds/core/ValueSet/CDANullFlavor","",,,,"ANY.nullFlavor",0,1,"",""
"Organization.realmCode","Organization.realmCode","","","",0,*,"","","","http://hl7.org/cda/stds/core/StructureDefinition/CS {[]} {[]}
","","When valued in an instance, this attribute signals the imposition of realm-specific constraints. The value of this attribute identifies the realm in question","","","","","","","","","",,,,,"",,,,"InfrastructureRoot.realmCode",0,*,"",""
"Organization.typeId","Organization.typeId","","","",0,1,"","","","http://hl7.org/cda/stds/core/StructureDefinition/II {[]} {[]}
","","When valued in an instance, this attribute signals the imposition of constraints defined in an HL7-specified message type. This might be a common type (also known as CMET in the messaging communication environment), or content included within a wrapper. The value of this attribute provides a unique identifier for the type in question.","","","","","","","","","",,,,,"",,,,"InfrastructureRoot.typeId",0,1,"","II-1:An II instance must have either a root or an nullFlavor. {root.exists() or nullFlavor.exists()}
"
"Organization.typeId.nullFlavor","Organization.typeId.nullFlavor","","","Exceptional Value Detail",0,0,"","","","code {[CanonicalType[http://hl7.org/cda/stds/core/StructureDefinition/cs-simple]]} {[]}
","","If a value is an exceptional value (NULL-value), this specifies in what way and why proper information is missing.","","","","","","","","","",,"required","","http://hl7.org/cda/stds/core/ValueSet/CDANullFlavor","",,,,"ANY.nullFlavor",0,1,"",""
"Organization.typeId.assigningAuthorityName","Organization.typeId.assigningAuthorityName","","","Assigning Authority Name",0,0,"","","","string {[CanonicalType[http://hl7.org/cda/stds/core/StructureDefinition/st-simple]]} {[]}
","","A human readable name or mnemonic for the assigning authority. The Assigning Authority Name has no computational value. The purpose of a Assigning Authority Name is to assist an unaided human interpreter of an II value to interpret the authority. Note: no automated processing must depend on the assigning authority name to be present in any form.","","","","","","","","","",,,,,"",,,,"II.assigningAuthorityName",0,1,"",""
"Organization.typeId.displayable","Organization.typeId.displayable","","","Displayable",0,0,"","","","boolean {[CanonicalType[http://hl7.org/cda/stds/core/StructureDefinition/bl-simple]]} {[]}
","","Specifies if the identifier is intended for human display and data entry (displayable = true) as opposed to pure machine interoperation (displayable = false).","","","","","","","","","",,,,,"",,,,"II.displayable",0,1,"",""
"Organization.typeId.root","Organization.typeId.root","","","Root",1,1,"","","","string {[CanonicalType[http://hl7.org/cda/stds/core/StructureDefinition/oid], CanonicalType[http://hl7.org/cda/stds/core/StructureDefinition/uuid], CanonicalType[http://hl7.org/cda/stds/core/StructureDefinition/ruid]]} {[]}
","","Identifies the type as an HL7 Registered model","","","","","<valueString xmlns=""http://hl7.org/fhir"" value=""2.16.840.1.113883.1.3""/>","","","","",,,,,"",,,,"II.root",0,1,"",""
"Organization.typeId.extension","Organization.typeId.extension","","","Extension",1,1,"","","","string {[CanonicalType[http://hl7.org/cda/stds/core/StructureDefinition/st-simple]]} {[]}
","","A character string as a unique identifier within the scope of the identifier root.","","","","","","","","","",,,,,"",,,,"II.extension",0,1,"",""
"Organization.templateId","Organization.templateId","","","",0,*,"","","","http://hl7.org/cda/stds/core/StructureDefinition/II {[]} {[]}
","","When valued in an instance, this attribute signals the imposition of a set of template-defined constraints. The value of this attribute provides a unique identifier for the templates in question","","","","","","","","","",,,,,"",,,,"InfrastructureRoot.templateId",0,*,"",""
"Organization.classCode","Organization.classCode","","","",0,1,"","","","code {[CanonicalType[http://hl7.org/cda/stds/core/StructureDefinition/cs-simple]]} {[]}
","","","","","","","<valueCode xmlns=""http://hl7.org/fhir"" value=""ORG""/>","","","","",,"required","","http://terminology.hl7.org/ValueSet/v3-EntityClassOrganization","",,,,"Organization.classCode",0,1,"",""
"Organization.determinerCode","Organization.determinerCode","","","",0,0,"","","","code {[CanonicalType[http://hl7.org/cda/stds/core/StructureDefinition/cs-simple]]} {[]}
","","","","","","","<valueCode xmlns=""http://hl7.org/fhir"" value=""INSTANCE""/>","","","","",,"required","","http://terminology.hl7.org/ValueSet/v3-EntityDeterminer","",,,,"Organization.determinerCode",0,1,"",""
"Organization.id","Organization.id","","","",0,*,"","","","http://hl7.org/cda/stds/core/StructureDefinition/II {[]} {[]}
","Identifiant de la structure : 
- Si le responsable est un professionnel : Identifiant de la structure pour le compte de laquelle intervient le professionnel. 
- Si le responsable est un SNR : SIREN de l'éditeur. 
- Si le responsable est le DP : Identifiant du DP.","","","","","","","","","","",,,,,"",,,,"Organization.id",0,*,"",""
"Organization.name","Organization.name","","","",0,*,"","","","http://hl7.org/cda/stds/core/StructureDefinition/ON {[]} {[]}
","Nom de la structure : 
- Si le responsable est un professionnel : Nom de la structure. 
- Si le responsable est un SNR : Nom de l'éditeur. 
- Si le responsable est le DP : Dossier Pharmaceutique.","","","","","","","","","","",,,,,"",,,,"Organization.name",0,*,"",""
"Organization.telecom","Organization.telecom","","","",0,*,"","","","http://hl7.org/cda/stds/core/StructureDefinition/TEL {[]} {[]}
","Coordonnées télécom de la structure :  
- Si le responsable est un professionnel : Coordonnées télécom de la structure. 
- Si le responsable est un SNR : non renseigné. 
- Si le responsable est le DP : non renseigné.","","","","","","","","","","",,,,,"",,,,"Organization.telecom",0,*,"",""
"Organization.addr","Organization.addr","","","",0,*,"","","","http://hl7.org/cda/stds/core/StructureDefinition/AD {[]} {[]}
","Adresse géopostale de la structure : 
- Si le responsable est un professionnel : Adresse géopostale de la structure. 
- Si le responsable est un SNR : non renseigné. 
- Si le responsable est le DP : non renseigné.","","","","","","","","","","",,,,,"",,,,"Organization.addr",0,*,"",""
"Organization.standardIndustryClassCode","Organization.standardIndustryClassCode","","","",0,1,"","","","http://hl7.org/cda/stds/core/StructureDefinition/CE {[]} {[]}
","Cadre d'exercice du professionnel : 
- Si le responsable est un professionnel : Cadre d'exercice. 
- Si le responsable est un SNR : non renseigné. 
- Si le responsable est le DP : non renseigné.","","","","","","","","","","",,"example","","http://terminology.hl7.org/ValueSet/v3-OrganizationIndustryClassNAICS","",,,,"Organization.standardIndustryClassCode",0,1,"",""
"Organization.standardIndustryClassCode.nullFlavor","Organization.standardIndustryClassCode.nullFlavor","","","Exceptional Value Detail",0,0,"","","","code {[CanonicalType[http://hl7.org/cda/stds/core/StructureDefinition/cs-simple]]} {[]}
","","If a value is an exceptional value (NULL-value), this specifies in what way and why proper information is missing.","","","","","","","","","",,"required","","http://hl7.org/cda/stds/core/ValueSet/CDANullFlavor","",,,,"ANY.nullFlavor",0,1,"",""
"Organization.standardIndustryClassCode.code","Organization.standardIndustryClassCode.code","","","Code",0,1,"","","","code {[CanonicalType[http://hl7.org/cda/stds/core/StructureDefinition/cs-simple]]} {[]}
","","The plain code symbol defined by the code system. For example, ""784.0"" is the code symbol of the ICD-9 code ""784.0"" for headache.","","","","","","","","","",,"required","","https://mos.esante.gouv.fr/NOS/JDV_J04-XdsPracticeSettingCode-CISIS/FHIR/JDV-J04-XdsPracticeSettingCode-CISIS","",,,,"CD.code",0,1,"",""
"Organization.standardIndustryClassCode.codeSystem","Organization.standardIndustryClassCode.codeSystem","","","Code System",0,1,"","","","string {[CanonicalType[http://hl7.org/cda/stds/core/StructureDefinition/oid], CanonicalType[http://hl7.org/cda/stds/core/StructureDefinition/uuid], CanonicalType[http://hl7.org/cda/stds/core/StructureDefinition/ruid]]} {[]}
","","Specifies the code system that defines the code.","","","","","","","","","",,,,,"",,,,"CD.codeSystem",0,1,"",""
"Organization.standardIndustryClassCode.codeSystemName","Organization.standardIndustryClassCode.codeSystemName","","","Code System Name",0,1,"","","","string {[CanonicalType[http://hl7.org/cda/stds/core/StructureDefinition/st-simple]]} {[]}
","","The common name of the coding system.","","","","","","","","","",,,,,"",,,,"CD.codeSystemName",0,1,"",""
"Organization.standardIndustryClassCode.codeSystemVersion","Organization.standardIndustryClassCode.codeSystemVersion","","","Code System Version",0,1,"","","","string {[CanonicalType[http://hl7.org/cda/stds/core/StructureDefinition/st-simple]]} {[]}
","","If applicable, a version descriptor defined specifically for the given code system.","","","","","","","","","",,,,,"",,,,"CD.codeSystemVersion",0,1,"",""
"Organization.standardIndustryClassCode.displayName","Organization.standardIndustryClassCode.displayName","","","Display Name",0,1,"","","","string {[CanonicalType[http://hl7.org/cda/stds/core/StructureDefinition/st-simple]]} {[]}
","","A name or title for the code, under which the sending system shows the code value to its users.","","","","","","","","","",,,,,"",,,,"CD.displayName",0,1,"",""
"Organization.standardIndustryClassCode.sdtcValueSet","Organization.standardIndustryClassCode.sdtcValueSet","","","",0,1,"","","","string {[CanonicalType[http://hl7.org/cda/stds/core/StructureDefinition/oid]]} {[]}
","","The valueSet extension adds an attribute for elements with a CD dataType which indicates the particular value set constraining the coded concept.","","","","","","","","","",,,,,"",,,,"CD.valueSet",0,1,"",""
"Organization.standardIndustryClassCode.sdtcValueSetVersion","Organization.standardIndustryClassCode.sdtcValueSetVersion","","","",0,1,"","","","string {[CanonicalType[http://hl7.org/cda/stds/core/StructureDefinition/st-simple]]} {[]}
","","The valueSetVersion extension adds an attribute for elements with a CD dataType which indicates the version of the particular value set constraining the coded concept.","","","","","","","","","",,,,,"",,,,"CD.sdtcValueSetVersion",0,1,"",""
"Organization.standardIndustryClassCode.originalText","Organization.standardIndustryClassCode.originalText","","","Original Text",0,1,"","","","http://hl7.org/cda/stds/core/StructureDefinition/ED {[]} {[]}
","","The text or phrase used as the basis for the coding.","","","","","","","","","",,,,,"",,,,"CD.originalText",0,1,"",""
"Organization.standardIndustryClassCode.qualifier","Organization.standardIndustryClassCode.qualifier","","","Qualifier",0,0,"","","","http://hl7.org/cda/stds/core/StructureDefinition/CR {[]} {[]}
","","Specifies additional codes that increase the specificity of the the primary code.","","","","","","","","","",,,,,"",,,,"CD.qualifier",0,*,"",""
"Organization.standardIndustryClassCode.translation","Organization.standardIndustryClassCode.translation","","","Translation",0,*,"","","","http://hl7.org/cda/stds/core/StructureDefinition/CD {[]} {[]}
","","A set of other concept descriptors that translate this concept descriptor into other code systems.","","","","","","","","","",,,,,"",,,,"CD.translation",0,*,"",""
"Organization.asOrganizationPartOf","Organization.asOrganizationPartOf","","","",0,1,"","","","http://hl7.org/cda/stds/core/StructureDefinition/OrganizationPartOf {[]} {[]}
","","","","","","","","","","","",,,,,"",,,,"Organization.asOrganizationPartOf",0,1,"",""
