"Id","Path","Slice Name","Alias(s)","Label","Min","Max","Must Support?","Is Modifier?","Is Summary?","Type(s)","Short","Definition","Comments","Requirements","Default Value","Meaning When Missing","Fixed Value","Pattern","Example","Minimum Value","Maximum Value","Maximum Length","Binding Strength","Binding Description","Binding Value Set","Code","Slicing Discriminator","Slicing Description","Slicing Ordered","Slicing Rules","Base Path","Base Min","Base Max","Condition(s)","Constraint(s)"
"fr-lm-directives-anticipees","fr-lm-directives-anticipees","","","",0,*,"","","","null {[]} {[]}
","Modèle logique métier - FR LM Directives-anticipées","Section Directives anticipées","","","","","","","","","",,,,,"",,,,"Base",0,*,"",""
"fr-lm-directives-anticipees.codeSection","fr-lm-directives-anticipees.codeSection","","","",1,1,"","","","CodeableConcept {[]} {[]}
","Code de la section","Code de la section","","","","","","","","","",,,,,"",,,,"fr-lm-section.codeSection",1,1,"",""
"fr-lm-directives-anticipees.titreSection","fr-lm-directives-anticipees.titreSection","","","",1,1,"","","","string {[]} {[]}
","Titre de la section","Titre de la section","","","","","","","","","",,,,,"",,,,"fr-lm-section.titreSection",0,1,"",""
"fr-lm-directives-anticipees.blocNarratif","fr-lm-directives-anticipees.blocNarratif","","","",1,1,"","","","Narrative {[]} {[]}
","Bloc narratif","Bloc narratif","","","","","","","","","",,,,,"",,,,"fr-lm-section.blocNarratif",1,1,"",""
"fr-lm-directives-anticipees.sousSection","fr-lm-directives-anticipees.sousSection","","","",0,0,"","","","Base {[]} {[]}
","Sous-sections","Sous-sections","","","","","","","","","",,,,,"",,,,"fr-lm-section.sousSection",0,*,"",""
"fr-lm-directives-anticipees.entree","fr-lm-directives-anticipees.entree","","","",0,*,"","","","Base {[]} {[]}
","Entrées","Entrées","","","","","","","","","",,,,,"",,,,"fr-lm-section.entree",0,*,"",""
"fr-lm-directives-anticipees.entree.directiveAnticipee","fr-lm-directives-anticipees.entree.directiveAnticipee","","","",0,*,"","","","https://interop.esante.gouv.fr/ig/document/core/StructureDefinition/fr-lm-directive-anticipee {[]} {[]}
","Entrée Directive anticipée","Entrée Directive anticipée","","","","","","","","","",,,,,"",,,,"fr-lm-directives-anticipees.entree.directiveAnticipee",0,*,"",""
