"Id","Path","Slice Name","Alias(s)","Label","Min","Max","Must Support?","Is Modifier?","Is Summary?","Type(s)","Short","Definition","Comments","Requirements","Default Value","Meaning When Missing","Fixed Value","Pattern","Example","Minimum Value","Maximum Value","Maximum Length","Binding Strength","Binding Description","Binding Value Set","Code","Slicing Discriminator","Slicing Description","Slicing Ordered","Slicing Rules","Base Path","Base Min","Base Max","Condition(s)","Constraint(s)"
"fr-lm-naissance","fr-lm-naissance","","","",0,*,"","","","null {[]} {[]}
","Modèle logique métier - FR LM Naissance","Naissance","","","","","","","","","",,,,,"",,,,"Base",0,*,"",""
"fr-lm-naissance.identifiant","fr-lm-naissance.identifiant","","","",1,1,"","","","Identifier {[]} {[]}
","Identifiant de l'entrée","Identifiant de l'entrée","","","","","","","","","",,,,,"",,,,"fr-lm-naissance.identifiant",1,1,"",""
"fr-lm-naissance.code","fr-lm-naissance.code","","","",1,1,"","","","CodeableConcept {[]} {[]}
","Code de l'entrée","Code de l'entrée","","","","","","","","","",,,,,"",,,,"fr-lm-naissance.code",1,1,"",""
"fr-lm-naissance.statut","fr-lm-naissance.statut","","","",1,1,"","","","code {[]} {[]}
","Statut de l'entrée","Statut de l'entrée","","","","","","","","","",,,,,"",,,,"fr-lm-naissance.statut",1,1,"",""
"fr-lm-naissance.periode","fr-lm-naissance.periode","","","",1,1,"","","","dateTime {[]} {[]}
","Période des observations","Période des observations","","","","","","","","","",,,,,"",,,,"fr-lm-naissance.periode",1,1,"",""
"fr-lm-naissance.resultat","fr-lm-naissance.resultat","","","",1,1,"","","","CodeableConcept {[]} {[]}
","Résultat de l’observation effectuée","Résultat de l’observation effectuée","","","","","","","","","",,,,,"",,,,"fr-lm-naissance.resultat",1,1,"",""
"fr-lm-naissance.identificationNouveauNe","fr-lm-naissance.identificationNouveauNe","","","",1,1,"","","","https://interop.esante.gouv.fr/ig/document/core/StructureDefinition/fr-lm-sujet {[]} {[]}
","Identification du nouveau né","Identification du nouveau né","","","","","","","","","",,,,,"",,,,"fr-lm-naissance.identificationNouveauNe",1,1,"",""
"fr-lm-naissance.observationNaissance","fr-lm-naissance.observationNaissance","","","",1,*,"","","","https://interop.esante.gouv.fr/ig/document/core/StructureDefinition/fr-lm-observation-grossesse {[]} {[]}
","Observation sur la naissance","Observation sur la naissance","","","","","","","","","",,,,,"",,,,"fr-lm-naissance.observationNaissance",1,*,"",""
