"Id","Path","Slice Name","Alias(s)","Label","Min","Max","Must Support?","Is Modifier?","Is Summary?","Type(s)","Short","Definition","Comments","Requirements","Default Value","Meaning When Missing","Fixed Value","Pattern","Example","Minimum Value","Maximum Value","Maximum Length","Binding Strength","Binding Description","Binding Value Set","Code","Slicing Discriminator","Slicing Description","Slicing Ordered","Slicing Rules","Base Path","Base Min","Base Max","Condition(s)","Constraint(s)"
"fr-lm-points-de-vigilances-non-code","fr-lm-points-de-vigilances-non-code","","","",0,*,"","","","null {[]} {[]}
","Modèle logique métier - FR LM Points de vigilance (non-codés)","Section Points de vigilance (non-codés)","","","","","","","","","",,,,,"",,,,"Base",0,*,"",""
"fr-lm-points-de-vigilances-non-code.codeSection","fr-lm-points-de-vigilances-non-code.codeSection","","","",1,1,"","","","CodeableConcept {[]} {[]}
","Code de la section","Code de la section","","","","","","","","","",,,,,"",,,,"fr-lm-section.codeSection",1,1,"",""
"fr-lm-points-de-vigilances-non-code.titreSection","fr-lm-points-de-vigilances-non-code.titreSection","","","",1,1,"","","","string {[]} {[]}
","Titre de la section","Titre de la section","","","","","","","","","",,,,,"",,,,"fr-lm-section.titreSection",0,1,"",""
"fr-lm-points-de-vigilances-non-code.blocNarratif","fr-lm-points-de-vigilances-non-code.blocNarratif","","","",1,1,"","","","Narrative {[]} {[]}
","Bloc narratif","Bloc narratif","","","","","","","","","",,,,,"",,,,"fr-lm-section.blocNarratif",1,1,"",""
"fr-lm-points-de-vigilances-non-code.sousSection","fr-lm-points-de-vigilances-non-code.sousSection","","","",0,0,"","","","Base {[]} {[]}
","Sous-sections","Sous-sections","","","","","","","","","",,,,,"",,,,"fr-lm-section.sousSection",0,*,"",""
"fr-lm-points-de-vigilances-non-code.entree","fr-lm-points-de-vigilances-non-code.entree","","","",0,0,"","","","Base {[]} {[]}
","Entrées","Entrées","","","","","","","","","",,,,,"",,,,"fr-lm-section.entree",0,*,"",""
