"Id","Path","Slice Name","Alias(s)","Label","Min","Max","Must Support?","Is Modifier?","Is Summary?","Type(s)","Short","Definition","Comments","Requirements","Default Value","Meaning When Missing","Fixed Value","Pattern","Example","Minimum Value","Maximum Value","Maximum Length","Binding Strength","Binding Description","Binding Value Set","Code","Slicing Discriminator","Slicing Description","Slicing Ordered","Slicing Rules","Base Path","Base Min","Base Max","Condition(s)","Constraint(s)"
"fr-lm-prescription-dispositifs-medicaux","fr-lm-prescription-dispositifs-medicaux","","","",0,*,"","","","null {[]} {[]}
","Modèle logique métier - FR LM Prescription de dispositifs médicaux","Section Prescription de dispositifs médicaux","","","","","","","","","",,,,,"",,,,"Base",0,*,"",""
"fr-lm-prescription-dispositifs-medicaux.codeSection","fr-lm-prescription-dispositifs-medicaux.codeSection","","","",1,1,"","","","CodeableConcept {[]} {[]}
","Code de la section","Code de la section","","","","","","","","","",,,,,"",,,,"fr-lm-section.codeSection",1,1,"",""
"fr-lm-prescription-dispositifs-medicaux.titreSection","fr-lm-prescription-dispositifs-medicaux.titreSection","","","",0,1,"","","","string {[]} {[]}
","Titre de la section","Titre de la section","","","","","","","","","",,,,,"",,,,"fr-lm-section.titreSection",0,1,"",""
"fr-lm-prescription-dispositifs-medicaux.blocNarratif","fr-lm-prescription-dispositifs-medicaux.blocNarratif","","","",1,1,"","","","Narrative {[]} {[]}
","Bloc narratif","Bloc narratif","","","","","","","","","",,,,,"",,,,"fr-lm-section.blocNarratif",1,1,"",""
"fr-lm-prescription-dispositifs-medicaux.sousSection","fr-lm-prescription-dispositifs-medicaux.sousSection","","","",0,0,"","","","Base {[]} {[]}
","Sous-sections","Sous-sections","","","","","","","","","",,,,,"",,,,"fr-lm-section.sousSection",0,*,"",""
"fr-lm-prescription-dispositifs-medicaux.entree","fr-lm-prescription-dispositifs-medicaux.entree","","","",1,*,"","","","Base {[]} {[]}
","Entrées","Entrées","","","","","","","","","",,,,,"",,,,"fr-lm-section.entree",0,*,"",""
"fr-lm-prescription-dispositifs-medicaux.entree.dispositifMedical","fr-lm-prescription-dispositifs-medicaux.entree.dispositifMedical","","","",1,*,"","","","https://interop.esante.gouv.fr/ig/document/core/StructureDefinition/fr-lm-dispositif-medical-entree {[]} {[]}
","Entrée Dispositif médical prescrit","Entrée Dispositif médical prescrit","","","","","","","","","",,,,,"",,,,"fr-lm-prescription-dispositifs-medicaux.entree.dispositifMedical",1,*,"",""
"fr-lm-prescription-dispositifs-medicaux.auteur","fr-lm-prescription-dispositifs-medicaux.auteur","","","",0,1,"","","","https://interop.esante.gouv.fr/ig/document/core/StructureDefinition/fr-lm-auteur {[]} {[]}
","Auteur de la prescription","Auteur de la prescription","","","","","","","","","",,,,,"",,,,"fr-lm-prescription-dispositifs-medicaux.auteur",0,1,"",""
