"Id","Path","Slice Name","Alias(s)","Label","Min","Max","Must Support?","Is Modifier?","Is Summary?","Type(s)","Short","Definition","Comments","Requirements","Default Value","Meaning When Missing","Fixed Value","Pattern","Example","Minimum Value","Maximum Value","Maximum Length","Binding Strength","Binding Description","Binding Value Set","Code","Slicing Discriminator","Slicing Description","Slicing Ordered","Slicing Rules","Base Path","Base Min","Base Max","Condition(s)","Constraint(s)"
"fr-lm-traitement-subordonne","fr-lm-traitement-subordonne","","","",0,*,"","","","null {[]} {[]}
","Modèle logique métier - FR LM Traitement subordonné","Traitement subordonné ","","","","","","","","","",,,,,"",,,,"Base",0,*,"",""
"fr-lm-traitement-subordonne.identifiantTraitement","fr-lm-traitement-subordonne.identifiantTraitement","","","",1,*,"","","","Identifier {[]} {[]}
","Identifiant de l'entrée","Identifiant de l'entrée","","","","","","","","","",,,,,"",,,,"fr-lm-traitement-subordonne.identifiantTraitement",1,*,"",""
"fr-lm-traitement-subordonne.descriptionTraitement","fr-lm-traitement-subordonne.descriptionTraitement","","","",1,1,"","","","Narrative {[]} {[]}
","Partie narrative de l’entrée","Partie narrative de l’entrée","","","","","","","","","",,,,,"",,,,"fr-lm-traitement-subordonne.descriptionTraitement",1,1,"",""
"fr-lm-traitement-subordonne.statutTraitement","fr-lm-traitement-subordonne.statutTraitement","","","",1,1,"","","","code {[]} {[]}
","Statut de l’entrée","Statut de l’entrée","","","","","","","","","",,,,,"",,,,"fr-lm-traitement-subordonne.statutTraitement",1,1,"",""
"fr-lm-traitement-subordonne.frequenceAdministration","fr-lm-traitement-subordonne.frequenceAdministration","","","",0,1,"","","","dateTime {[]} {[]}
","Fréquence d'administration","Fréquence d'administration","","","","","","","","","",,,,,"",,,,"fr-lm-traitement-subordonne.frequenceAdministration",0,1,"",""
"fr-lm-traitement-subordonne.doseAadministrer","fr-lm-traitement-subordonne.doseAadministrer","","","",0,1,"","","","Quantity {[]} {[]}
","Dose à administrer","Dose à administrer","","","","","","","","","",,,,,"",,,,"fr-lm-traitement-subordonne.doseAadministrer",0,1,"",""
"fr-lm-traitement-subordonne.rythmeAdministration","fr-lm-traitement-subordonne.rythmeAdministration","","","",0,1,"","","","Quantity {[]} {[]}
","Rythme d'administration","Rythme d'administration","","","","","","","","","",,,,,"",,,,"fr-lm-traitement-subordonne.rythmeAdministration",0,1,"",""
"fr-lm-traitement-subordonne.medicamentTraitement","fr-lm-traitement-subordonne.medicamentTraitement","","","",1,1,"","","","https://interop.esante.gouv.fr/ig/document/core/StructureDefinition/fr-lm-produit-sante {[]} {[]}
","Médicament","Médicament","","","","","","","","","",,,,,"",,,,"fr-lm-traitement-subordonne.medicamentTraitement",1,1,"",""
"fr-lm-traitement-subordonne.preconditionTraitement","fr-lm-traitement-subordonne.preconditionTraitement","","","",0,*,"","","","BackboneElement {[]} {[]}
","Précondition","Précondition","","","","","","","","","",,,,,"",,,,"fr-lm-traitement-subordonne.preconditionTraitement",0,*,"",""
