"Id","Path","Slice Name","Alias(s)","Label","Min","Max","Must Support?","Is Modifier?","Is Summary?","Type(s)","Short","Definition","Comments","Requirements","Default Value","Meaning When Missing","Fixed Value","Pattern","Example","Minimum Value","Maximum Value","Maximum Length","Binding Strength","Binding Description","Binding Value Set","Code","Slicing Discriminator","Slicing Description","Slicing Ordered","Slicing Rules","Base Path","Base Min","Base Max","Condition(s)","Constraint(s)"
"fr-lm-resultats-entree","fr-lm-resultats-entree","","","",0,*,"","","","null {[]} {[]}
","Modèle logique métier - FR LM Resultats","Resultats","","","","","","","","","",,,,,"",,,,"Base",0,*,"",""
"fr-lm-resultats-entree.identifiant","fr-lm-resultats-entree.identifiant","","","",1,1,"","","","Identifier {[]} {[]}
","Identifiant de l'entrée","Identifiant de l'entrée","","","","","","","","","",,,,,"",,,,"fr-lm-resultats-entree.identifiant",1,1,"",""
"fr-lm-resultats-entree.code","fr-lm-resultats-entree.code","","","",1,1,"","","","CodeableConcept {[]} {[]}
","Code de l'entrée. Élément observé","Code de l'entrée. Élément observé","","","","","","","","","",,,,,"",,,,"fr-lm-resultats-entree.code",1,1,"",""
"fr-lm-resultats-entree.statut","fr-lm-resultats-entree.statut","","","",1,1,"","","","code {[]} {[]}
","Statut de l'entrée","Statut de l'entrée","","","","","","","","","",,,,,"",,,,"fr-lm-resultats-entree.statut",1,1,"",""
"fr-lm-resultats-entree.date","fr-lm-resultats-entree.date","","","",0,1,"","","","dateTime {[]} {[]}
","Date de l'entrée","Date de l'entrée","","","","","","","","","",,,,,"",,,,"fr-lm-resultats-entree.date",0,1,"",""
"fr-lm-resultats-entree.executant","fr-lm-resultats-entree.executant","","","",0,*,"","","","https://interop.esante.gouv.fr/ig/document/core/StructureDefinition/fr-lm-laboratoire-executant {[]} {[]}
","Exécutant","Exécutant","","","","","","","","","",,,,,"",,,,"fr-lm-resultats-entree.executant",0,*,"",""
"fr-lm-resultats-entree.auteur","fr-lm-resultats-entree.auteur","","","",0,*,"","","","https://interop.esante.gouv.fr/ig/document/core/StructureDefinition/fr-lm-auteur {[]} {[]}
","Auteur","Auteur","","","","","","","","","",,,,,"",,,,"fr-lm-resultats-entree.auteur",0,*,"",""
"fr-lm-resultats-entree.resultat","fr-lm-resultats-entree.resultat","","","",1,*,"","","","https://interop.esante.gouv.fr/ig/document/core/StructureDefinition/fr-lm-observation-result {[]} {[]}
","Resultat","Resultat","","","","","","","","","",,,,,"",,,,"fr-lm-resultats-entree.resultat",1,*,"",""
