{"resourceType":"ConceptMap","id":"FRDocumentReferenceLMCDAFHIR","text":{"status":"generated","div":"<div xmlns=\"http://www.w3.org/1999/xhtml\"><p class=\"res-header-id\"><b>Narratif généré : CarteDeConcepts FRDocumentReferenceLMCDAFHIR</b></p><a name=\"FRDocumentReferenceLMCDAFHIR\"> </a><a name=\"hcFRDocumentReferenceLMCDAFHIR\"> </a><p>Mapping de (non spécifié) vers (non spécifié)</p><br/><p><b>Groupe 1 </b>Mapping de <a href=\"StructureDefinition-fr-lm-document-attache.html\">Modèle logique métier - FR LM Document attaché</a> to <code>https://interop.esante.gouv.fr/ig/document/core/StructureDefinition/fr-cda-document-attache</code></p><table class=\"grid\"><tr><td><b>Code source</b></td><td><b>relation</b></td><td><b>Code cible</b></td></tr><tr><td>FRLMDocumentAttache</td><td><a href=\"http://hl7.org/fhir/R5/codesystem-concept-map-relationship.html#equivalent\" title=\"equivalent\">is equivalent to</a></td><td>FRCDADocumentAttache</td></tr><tr><td>FRLMDocumentAttache.identifiant</td><td><a href=\"http://hl7.org/fhir/R5/codesystem-concept-map-relationship.html#equivalent\" title=\"equivalent\">is equivalent to</a></td><td>FRCDADocumentAttache.id</td></tr><tr><td>FRLMDocumentAttache.code</td><td><a href=\"http://hl7.org/fhir/R5/codesystem-concept-map-relationship.html#equivalent\" title=\"equivalent\">is equivalent to</a></td><td>FRCDADocumentAttache.code</td></tr><tr><td>FRLMDocumentAttache.statut</td><td><a href=\"http://hl7.org/fhir/R5/codesystem-concept-map-relationship.html#equivalent\" title=\"equivalent\">is equivalent to</a></td><td>FRCDADocumentAttache.statusCode</td></tr><tr><td>FRLMDocumentAttache.date</td><td><a href=\"http://hl7.org/fhir/R5/codesystem-concept-map-relationship.html#equivalent\" title=\"equivalent\">is equivalent to</a></td><td>FRCDADocumentAttache.effectiveTime</td></tr><tr><td>FRLMDocumentAttache.typeDocumentAttache</td><td><a href=\"http://hl7.org/fhir/R5/codesystem-concept-map-relationship.html#equivalent\" title=\"equivalent\">is equivalent to</a></td><td>FRCDADocumentAttache.component:frTypeDocumentAttache</td></tr><tr><td>FRLMDocumentAttache.documentAttache</td><td><a href=\"http://hl7.org/fhir/R5/codesystem-concept-map-relationship.html#equivalent\" title=\"equivalent\">is equivalent to</a></td><td>FRCDADocumentAttache.component.observationMedia</td></tr><tr><td>FRLMDocumentAttache.documentAttache.observationMedia.identifiant</td><td><a href=\"http://hl7.org/fhir/R5/codesystem-concept-map-relationship.html#equivalent\" title=\"equivalent\">is equivalent to</a></td><td>FRCDADocumentAttache.component.observationMedia.id</td></tr><tr><td>FRLMDocumentAttache.documentAttache.observationMedia.documentAttacheEncode</td><td><a href=\"http://hl7.org/fhir/R5/codesystem-concept-map-relationship.html#equivalent\" title=\"equivalent\">is equivalent to</a></td><td>FRCDADocumentAttache.component.observationMedia.value</td></tr></table><hr/><p><b>Groupe 2 </b>Mapping de <code>https://interop.esante.gouv.fr/ig/document/core/StructureDefinition/fr-cda-document-attache</code> to <a href=\"StructureDefinition-fr-document-reference-document.html\">DocumentReference - FR Document reference Document</a></p><table class=\"grid\"><tr><td><b>Code source</b></td><td><b>relation</b></td><td><b>Code cible</b></td></tr><tr><td>FRCDADocumentAttache</td><td><a href=\"http://hl7.org/fhir/R5/codesystem-concept-map-relationship.html#equivalent\" title=\"equivalent\">is equivalent to</a></td><td>FRDocumentReferenceDocument</td></tr><tr><td>FRCDADocumentAttache.id</td><td><a href=\"http://hl7.org/fhir/R5/codesystem-concept-map-relationship.html#equivalent\" title=\"equivalent\">is equivalent to</a></td><td>FRDocumentReferenceDocument.identifier</td></tr><tr><td>FRCDADocumentAttache.code</td><td colspan=\"2\" style=\"background-color: #efefef\">(not mapped)</td></tr><tr><td>FRCDADocumentAttache.statusCode</td><td><a href=\"http://hl7.org/fhir/R5/codesystem-concept-map-relationship.html#equivalent\" title=\"equivalent\">is equivalent to</a></td><td>FRDocumentReferenceDocument.docStatus</td></tr><tr><td>FRCDADocumentAttache.effectiveTime</td><td><a href=\"http://hl7.org/fhir/R5/codesystem-concept-map-relationship.html#equivalent\" title=\"equivalent\">is equivalent to</a></td><td>FRDocumentReferenceDocument.date</td></tr><tr><td>FRCDADocumentAttache.component:frTypeDocumentAttache</td><td><a href=\"http://hl7.org/fhir/R5/codesystem-concept-map-relationship.html#equivalent\" title=\"equivalent\">is equivalent to</a></td><td>FRDocumentReferenceDocument.type</td></tr><tr><td>FRCDADocumentAttache.component.observationMedia</td><td><a href=\"http://hl7.org/fhir/R5/codesystem-concept-map-relationship.html#equivalent\" title=\"equivalent\">is equivalent to</a></td><td>FRDocumentReferenceDocument.content.attachment</td></tr><tr><td>FRCDADocumentAttache.component.observationMedia.id</td><td><a href=\"http://hl7.org/fhir/R5/codesystem-concept-map-relationship.html#equivalent\" title=\"equivalent\">is equivalent to</a></td><td>FRDocumentReferenceDocument.content.attachment.id</td></tr><tr><td>FRCDADocumentAttache.component.observationMedia.value</td><td><a href=\"http://hl7.org/fhir/R5/codesystem-concept-map-relationship.html#equivalent\" title=\"equivalent\">is equivalent to</a></td><td>FRDocumentReferenceDocument.content.attachment.data</td></tr></table></div>"},"url":"https://interop.esante.gouv.fr/ig/document/core/ConceptMap/FRDocumentReferenceLMCDAFHIR","version":"0.1.0","title":"Mapping Métier/CDA/FHIR : \"Document Referencé\"","status":"draft","date":"2026-02-03T11:02:09+00:00","publisher":"Agence du Numérique en Santé (ANS) - 2-10 Rue d'Oradour-sur-Glane, 75015 Paris","contact":[{"name":"Agence du Numérique en Santé (ANS) - 2-10 Rue d'Oradour-sur-Glane, 75015 Paris","telecom":[{"system":"url","value":"https://esante.gouv.fr"}]}],"description":"Mapping des éléments du modèle métier FRLMDocumentAttache vers le profil CDA FRCDADocumentAttache, puis vers le profil FHIR FRDocumentReferenceDocument.","jurisdiction":[{"coding":[{"system":"urn:iso:std:iso:3166","code":"FR","display":"FRANCE"}]}],"group":[{"source":"https://interop.esante.gouv.fr/ig/document/core/StructureDefinition/fr-lm-document-attache","target":"https://interop.esante.gouv.fr/ig/document/core/StructureDefinition/fr-cda-document-attache","element":[{"code":"FRLMDocumentAttache","target":[{"code":"FRCDADocumentAttache","equivalence":"equivalent"}]},{"code":"FRLMDocumentAttache.identifiant","target":[{"code":"FRCDADocumentAttache.id","equivalence":"equivalent"}]},{"code":"FRLMDocumentAttache.code","target":[{"code":"FRCDADocumentAttache.code","equivalence":"equivalent"}]},{"code":"FRLMDocumentAttache.statut","target":[{"code":"FRCDADocumentAttache.statusCode","equivalence":"equivalent"}]},{"code":"FRLMDocumentAttache.date","target":[{"code":"FRCDADocumentAttache.effectiveTime","equivalence":"equivalent"}]},{"code":"FRLMDocumentAttache.typeDocumentAttache","target":[{"code":"FRCDADocumentAttache.component:frTypeDocumentAttache","equivalence":"equivalent"}]},{"code":"FRLMDocumentAttache.documentAttache","target":[{"code":"FRCDADocumentAttache.component.observationMedia","equivalence":"equivalent"}]},{"code":"FRLMDocumentAttache.documentAttache.observationMedia.identifiant","target":[{"code":"FRCDADocumentAttache.component.observationMedia.id","equivalence":"equivalent"}]},{"code":"FRLMDocumentAttache.documentAttache.observationMedia.documentAttacheEncode","target":[{"code":"FRCDADocumentAttache.component.observationMedia.value","equivalence":"equivalent"}]}]},{"source":"https://interop.esante.gouv.fr/ig/document/core/StructureDefinition/fr-cda-document-attache","target":"https://interop.esante.gouv.fr/ig/document/core/StructureDefinition/fr-document-reference-document","element":[{"code":"FRCDADocumentAttache","target":[{"code":"FRDocumentReferenceDocument","equivalence":"equivalent"}]},{"code":"FRCDADocumentAttache.id","target":[{"code":"FRDocumentReferenceDocument.identifier","equivalence":"equivalent"}]},{"code":"FRCDADocumentAttache.code","target":[{"equivalence":"unmatched"}]},{"code":"FRCDADocumentAttache.statusCode","target":[{"code":"FRDocumentReferenceDocument.docStatus","equivalence":"equivalent"}]},{"code":"FRCDADocumentAttache.effectiveTime","target":[{"code":"FRDocumentReferenceDocument.date","equivalence":"equivalent"}]},{"code":"FRCDADocumentAttache.component:frTypeDocumentAttache","target":[{"code":"FRDocumentReferenceDocument.type","equivalence":"equivalent"}]},{"code":"FRCDADocumentAttache.component.observationMedia","target":[{"code":"FRDocumentReferenceDocument.content.attachment","equivalence":"equivalent"}]},{"code":"FRCDADocumentAttache.component.observationMedia.id","target":[{"code":"FRDocumentReferenceDocument.content.attachment.id","equivalence":"equivalent"}]},{"code":"FRCDADocumentAttache.component.observationMedia.value","target":[{"code":"FRDocumentReferenceDocument.content.attachment.data","equivalence":"equivalent"}]}]}]}