"Id","Path","Slice Name","Alias(s)","Label","Min","Max","Must Support?","Is Modifier?","Is Summary?","Type(s)","Short","Definition","Comments","Requirements","Default Value","Meaning When Missing","Fixed Value","Pattern","Example","Minimum Value","Maximum Value","Maximum Length","Binding Strength","Binding Description","Binding Value Set","Code","Slicing Discriminator","Slicing Description","Slicing Ordered","Slicing Rules","Base Path","Base Min","Base Max","Condition(s)","Constraint(s)"
"fr-lm-fonctions-physiques","fr-lm-fonctions-physiques","","","",0,*,"","","","null {[]} {[]}
","Modèle logique métier - FR LM Fonctions physiques","Section Fonctions physiques","","","","","","","","","",,,,,"",,,,"Base",0,*,"",""
"fr-lm-fonctions-physiques.codeSection","fr-lm-fonctions-physiques.codeSection","","","",1,1,"","","","CodeableConcept {[]} {[]}
","Code de la section","Code de la section","","","","","","","","","",,,,,"",,,,"fr-lm-section.codeSection",1,1,"",""
"fr-lm-fonctions-physiques.titreSection","fr-lm-fonctions-physiques.titreSection","","","",0,1,"","","","string {[]} {[]}
","Titre de la section","Titre de la section","","","","","","","","","",,,,,"",,,,"fr-lm-section.titreSection",0,1,"",""
"fr-lm-fonctions-physiques.blocNarratif","fr-lm-fonctions-physiques.blocNarratif","","","",1,1,"","","","Narrative {[]} {[]}
","Bloc narratif","Bloc narratif","","","","","","","","","",,,,,"",,,,"fr-lm-section.blocNarratif",1,1,"",""
"fr-lm-fonctions-physiques.sousSection","fr-lm-fonctions-physiques.sousSection","","","",0,0,"","","","Base {[]} {[]}
","Sous-sections","Sous-sections","","","","","","","","","",,,,,"",,,,"fr-lm-section.sousSection",0,*,"",""
"fr-lm-fonctions-physiques.entree","fr-lm-fonctions-physiques.entree","","","",0,*,"","","","Base {[]} {[]}
","Entrées","Entrées","","","","","","","","","",,,,,"",,,,"fr-lm-section.entree",0,*,"",""
"fr-lm-fonctions-physiques.entree.groupeQuestionnairesEvaluation","fr-lm-fonctions-physiques.entree.groupeQuestionnairesEvaluation","","","",0,*,"","","","https://interop.esante.gouv.fr/ig/document/core/StructureDefinition/fr-lm-group-de-questionnaires-devaluation {[]} {[]}
","Groupe de questionnaires d'évalutation","Groupe de questionnaires d'évalutation","","","","","","","","","",,,,,"",,,,"fr-lm-fonctions-physiques.entree.groupeQuestionnairesEvaluation",0,*,"",""
"fr-lm-fonctions-physiques.entree.evalutation","fr-lm-fonctions-physiques.entree.evalutation","","","",0,*,"","","","https://interop.esante.gouv.fr/ig/document/core/StructureDefinition/fr-lm-evaluation {[]} {[]}
","Entrée Evalutation","Entrée Evalutation","","","","","","","","","",,,,,"",,,,"fr-lm-fonctions-physiques.entree.evalutation",0,*,"",""
