Source File	Size	loadResources	load	generateSnapshots	load-configure	scan	loadDepInfo	loadInfo	checkR4R4B	generateNarratives	validate	loadLists	checkConformanceResources	checkConformanceResources2	checkConformanceResources3	generateLogicalMaps	validateExpressions	scanForUsageStats	checkURLsUnique	processProvenanceDetails	translate	generate1	generate2	generateLogicals	makeDependencies	generateExampleZip	generateValidationPack	scanProfilesForR5	scanExamplesForR5
/fsh-generated/resources/ImplementationGuide-ans.document.fr.core.json	270928	-	0	0	0	0	0	0	36	91	0	0	0	0	0	0	0	5	0	0	60	613	2483	0	0	0	20	0	3
fsh-generated/resources/AllergyIntolerance-example-allergy-intolerance-data-absent-reason.json	1491	3	0	0	1	0	0	0	0	1153	0	0	0	0	0	0	0	0	0	0	12	11	21	0	0	0	0	0	0
fsh-generated/resources/ConceptMap-FRActSubstitutionLMCDAFHIR.json	2361	2	0	0	0	0	0	0	1	1058	0	0	0	0	0	0	0	0	0	0	11	14	1323	0	0	0	1	0	0
fsh-generated/resources/ConceptMap-FRAdvanceDirectiveLMCDAFHIR.json	7671	3	0	0	0	0	0	0	0	3546	0	0	0	0	0	0	0	0	0	0	11	32	5137	0	0	0	1	0	0
fsh-generated/resources/ConceptMap-FRAdverseEventLMCDAFHIR.json	6891	3	0	0	0	0	0	0	1	3560	0	0	0	0	0	0	0	0	0	0	6	30	5083	0	0	0	0	0	0
fsh-generated/resources/ConceptMap-FRAllergyIntoleranceLMCDAFHIR.json	6696	3	0	0	1	0	0	0	0	3309	0	0	0	0	0	0	0	0	0	0	6	29	4774	0	0	0	1	0	0
fsh-generated/resources/ConceptMap-FRAllowedSubstitutionLMCDAFHIR.json	2647	1	0	0	0	0	0	0	1	975	0	0	0	0	0	0	0	0	0	0	4	15	1356	0	0	0	0	0	0
fsh-generated/resources/ConceptMap-FRCarePlanLMCDAFHIR.json	5226	2	0	0	0	0	0	0	0	2458	0	0	0	0	0	0	0	0	0	0	5	24	3382	0	0	0	1	0	0
fsh-generated/resources/ConceptMap-FRCertitudeLMCDAFHIR.json	3213	1	0	0	0	0	0	0	0	2109	0	0	0	0	0	0	0	0	0	0	4	17	3026	0	0	0	0	0	0
fsh-generated/resources/ConceptMap-FRConditionLMCDAFHIR.json	8520	2	0	0	0	0	0	0	1	4616	0	0	0	0	0	0	0	0	0	0	3	33	6835	0	0	0	1	0	0
fsh-generated/resources/ConceptMap-FRCriticiteLMCDAFHIR.json	2669	1	0	0	0	0	0	0	1	2044	0	0	0	0	0	0	0	0	0	0	3	15	2938	0	0	0	0	0	0
fsh-generated/resources/ConceptMap-FRDeviceRequestLMCDAFHIR.json	7653	1	0	0	0	0	0	0	0	3889	0	0	0	0	0	0	0	0	0	0	3	22	5448	0	0	0	1	0	0
fsh-generated/resources/ConceptMap-FRDeviceUseStatementLMCDAFHIR.json	5476	1	0	0	0	0	0	0	1	2271	0	0	0	0	0	0	0	0	0	0	3	15	3410	0	0	0	0	0	0
fsh-generated/resources/ConceptMap-FRDiagnosticReportLMCDAFHIR.json	4677	1	0	0	1	0	0	0	0	2439	0	0	0	0	0	0	0	0	0	0	3	14	3467	0	0	0	1	0	0
fsh-generated/resources/ConceptMap-FRDocumentReferenceLMCDAFHIR.json	5388	1	0	0	0	0	0	0	1	2599	0	0	0	0	0	0	0	0	0	0	3	16	3911	0	0	0	0	0	0
fsh-generated/resources/ConceptMap-FREncounterLMCDAFHIR.json	6109	2	0	0	0	0	0	0	0	3185	0	0	0	0	0	0	0	0	0	0	3	16	4597	0	0	0	1	0	0
fsh-generated/resources/ConceptMap-FRFamilyMemberHistoriesLMCDAFHIR.json	5329	1	0	0	0	0	0	0	1	1507	0	0	0	0	0	0	0	0	0	0	4	14	2100	0	0	0	0	0	0
fsh-generated/resources/ConceptMap-FRFamilyMemberHistoryLMCDAFHIR.json	6727	1	0	0	0	0	0	0	0	3341	0	0	0	0	0	0	0	0	0	0	6	19	4598	0	0	0	1	0	0
fsh-generated/resources/ConceptMap-FRImagingMedicationAministrationLMCDAFHIR.json	6756	2	0	0	0	0	0	0	1	3490	0	0	0	0	0	0	0	0	0	0	6	17	4996	0	0	0	0	0	0
fsh-generated/resources/ConceptMap-FRImagingProcedureLMCDAFHIR.json	5408	1	0	0	0	0	0	0	0	4	0	0	0	0	0	0	0	0	0	0	6	16	39	0	0	0	1	0	0
fsh-generated/resources/ConceptMap-FRImagingQuantityLMCDAFHIR.json	4324	1	0	0	1	0	0	0	1	1844	0	0	0	0	0	0	0	0	0	0	5	14	2502	0	0	0	0	0	0
fsh-generated/resources/ConceptMap-FRImagingRadiationExposureAuthorizationLMCDAFHIR.json	2622	1	0	0	0	0	0	0	0	993	0	0	0	0	0	0	0	0	0	0	6	9	1326	0	0	0	0	0	0
fsh-generated/resources/ConceptMap-FRImagingSeriesLMCDAFHIR.json	6291	1	0	0	0	0	0	0	0	2923	0	0	0	0	0	0	0	0	0	0	6	17	4174	0	0	0	1	0	1
fsh-generated/resources/ConceptMap-FRImagingStudyLMCDAFHIR.json	4622	1	0	0	0	0	0	0	1	2114	0	0	0	0	0	0	0	0	0	0	6	13	3105	0	0	0	0	0	0
fsh-generated/resources/ConceptMap-FRImmunizationLMCDAFHIR.json	8134	2	0	0	0	0	0	0	1	4371	0	0	0	0	0	0	0	0	0	0	5	21	6682	0	0	0	1	0	0
fsh-generated/resources/ConceptMap-FRImmunizationRecommendationLMCDAFHIR.json	7895	2	0	0	0	0	0	0	0	4134	0	0	0	0	0	0	0	0	0	0	5	21	5459	0	0	0	1	0	0
fsh-generated/resources/ConceptMap-FRLaboratoryBatteryResultsLMCDAFHIR.json	9671	2	0	0	0	0	0	0	1	6	0	0	0	0	0	0	0	0	0	0	6	24	38	0	0	0	1	0	0
fsh-generated/resources/ConceptMap-FRLaboratoryIsolateResultsLMCDAFHIR.json	11690	2	0	0	0	0	0	0	1	5	0	0	0	0	0	0	0	0	0	0	5	30	38	0	0	0	1	0	0
fsh-generated/resources/ConceptMap-FRLaboratoryResultClinicalElementLMCDAFHIR.json	11984	1	0	0	0	0	0	0	1	6	0	0	0	0	0	0	0	0	0	0	6	29	38	0	0	0	1	0	0
fsh-generated/resources/ConceptMap-FRLaboratoryResultsLMCDAFHIR.json	11126	2	0	0	1	0	0	0	1	8561	0	0	0	0	0	0	0	1	0	0	5	26	12661	0	0	0	0	0	0
fsh-generated/resources/ConceptMap-FRMediaLMCDAFHIR.json	7992	2	0	0	0	0	0	0	0	4342	0	0	0	0	0	0	0	0	0	0	6	20	6896	0	0	0	1	0	0
fsh-generated/resources/ConceptMap-FRMedicationAdministrationLMCDAFHIR.json	9968	2	0	0	0	0	0	0	1	5439	0	0	0	0	0	0	0	0	0	0	6	24	8093	0	0	0	1	0	0
fsh-generated/resources/ConceptMap-FRMedicationDispenseLMCDAFHIR.json	6824	1	0	0	0	0	0	0	1	3259	0	0	0	0	0	0	0	0	0	0	5	19	4658	0	0	0	0	0	0
fsh-generated/resources/ConceptMap-FRMedicationLMCDAFHIR.json	7344	2	0	0	0	0	0	0	1	3187	0	0	0	0	0	0	0	0	0	0	6	28	4588	0	0	0	1	0	0
fsh-generated/resources/ConceptMap-FRMedicationRequestLMCDAFHIR.json	17623	2	0	0	0	0	0	0	1	9203	0	0	0	0	0	0	0	0	0	0	5	39	13325	0	0	0	1	0	0
fsh-generated/resources/ConceptMap-FRMedicationStatementLMCDAFHIR.json	9253	1	0	0	0	0	0	0	1	5014	0	0	0	0	0	0	0	0	0	0	5	23	7521	0	0	0	1	0	0
fsh-generated/resources/ConceptMap-FRMedicationsCombinaisonLMCDAFHIR.json	4298	1	0	0	0	0	0	0	0	3925	0	0	0	0	0	0	0	0	0	0	4	13	5591	0	0	0	1	0	0
fsh-generated/resources/ConceptMap-FRMedicationsCombinaisonRequestLMCDAFHIR.json	4464	2	0	0	0	0	0	0	1	3782	0	0	0	0	0	0	0	0	0	0	5	12	5491	0	0	0	0	0	0
fsh-generated/resources/ConceptMap-FRNonHumanSubjectLMCDAFHIR.json	3038	1	0	0	1	0	0	0	0	1737	0	0	0	0	0	0	0	0	0	0	5	10	2122	0	0	0	0	0	0
fsh-generated/resources/ConceptMap-FRNoteLMCDAFHIR.json	3143	1	0	0	0	0	0	0	0	1594	0	0	0	0	0	0	0	0	0	0	5	11	2161	0	0	0	1	0	0
fsh-generated/resources/ConceptMap-FRObservationAdministrationBloodDerivativesLMCDAFHIR.json	5403	1	0	0	0	0	0	0	1	2393	0	0	0	0	0	0	0	0	0	0	5	15	3443	0	0	0	0	0	0
fsh-generated/resources/ConceptMap-FRObservationBirthEventLMCDAFHIR.json	3990	1	0	0	0	0	0	0	0	2125	0	0	0	0	0	0	0	0	0	0	5	18	2935	0	0	0	1	0	0
fsh-generated/resources/ConceptMap-FRObservationBloodProductTransfusionLMCDAFHIR.json	5338	1	0	0	0	0	0	0	0	4	0	0	0	0	0	0	0	0	0	0	4	15	30	0	0	0	0	0	0
fsh-generated/resources/ConceptMap-FRObservationLMCDAFHIR.json	6225	2	0	0	0	0	0	0	1	3438	0	0	0	0	0	0	0	0	0	0	5	17	4609	0	0	0	1	0	0
fsh-generated/resources/ConceptMap-FRObservationMedicalSummaryLMCDAFHIR.json	4769	1	0	0	0	0	0	0	0	2441	0	0	0	0	0	0	0	0	0	0	3	14	3369	0	0	0	0	0	0
fsh-generated/resources/ConceptMap-FRObservationMicroorganismDetectionLMCDAFHIR.json	4963	1	0	0	0	0	0	0	1	2360	0	0	0	0	0	0	0	0	0	0	4	14	3407	0	0	0	0	0	0
fsh-generated/resources/ConceptMap-FRObservationMultiresistantMicroorganismsIdentificationLMCDAFHIR.json	5710	1	0	0	0	0	0	0	0	2320	0	0	0	0	0	0	0	0	0	0	4	16	3419	0	0	0	1	0	0
fsh-generated/resources/ConceptMap-FRObservationPregnancyHistoryLMCDAFHIR.json	4497	1	0	0	0	0	0	0	1	2162	0	0	0	0	0	0	0	0	0	0	4	13	2984	0	0	0	0	0	0
fsh-generated/resources/ConceptMap-FRObservationPregnancyLMCDAFHIR.json	4225	1	0	0	0	0	0	0	0	2109	0	0	0	0	0	0	0	0	0	0	4	12	2957	0	0	0	1	0	0
fsh-generated/resources/ConceptMap-FRObservationResultLMCDAFHIR.json	6831	2	0	0	1	0	0	0	1	3875	0	0	0	0	0	0	0	0	0	0	4	18	5443	0	0	0	0	0	0
fsh-generated/resources/ConceptMap-FRObservationSocialHistoryLMCDAFHIR.json	5921	1	0	0	0	0	0	0	0	3029	0	0	0	0	0	0	0	0	0	0	3	16	4325	0	0	0	1	0	0
fsh-generated/resources/ConceptMap-FRObservationSurveyComponentLMCDAFHIR.json	6096	1	0	0	0	0	0	0	1	2941	0	0	0	0	0	0	0	0	0	0	2	17	4169	0	0	0	1	0	0
fsh-generated/resources/ConceptMap-FRObservationSurveyComponentN2LMCDAFHIR.json	5622	2	0	0	0	0	0	0	0	2720	0	0	0	0	0	0	0	0	0	0	2	15	3830	0	0	0	0	0	0
fsh-generated/resources/ConceptMap-FRObservationSurveyLMCDAFHIR.json	7361	1	0	0	0	0	0	0	1	4318	0	0	0	0	0	0	0	0	0	0	3	18	6146	0	0	0	1	0	0
fsh-generated/resources/ConceptMap-FRObservationSurveyPannelLMCDAFHIR.json	4257	1	0	0	0	0	0	0	0	1808	0	0	0	0	0	0	0	0	0	0	2	12	2525	0	0	0	0	0	0
fsh-generated/resources/ConceptMap-FRObservationTransfusionAccidentsLMCDAFHIR.json	5115	1	0	0	0	0	0	0	1	2332	0	0	0	0	0	0	0	0	0	0	2	14	3498	0	0	0	1	0	0
fsh-generated/resources/ConceptMap-FRObservationVitalSignsLMCDAFHIR.json	6317	1	0	0	0	0	0	0	0	3340	0	0	0	0	0	0	0	0	0	0	2	17	4644	0	0	0	0	0	0
fsh-generated/resources/ConceptMap-FRObservationVitalSignsPanelLMCDAFHIR.json	4295	1	0	0	0	0	0	0	0	2148	0	0	0	0	0	0	0	0	0	0	4	12	3050	0	0	0	1	0	0
fsh-generated/resources/ConceptMap-FRObservationWorkRelatedAccidentLMCDAFHIR.json	4718	1	0	0	0	0	0	0	1	2039	0	0	0	0	0	0	0	0	0	0	4	13	2908	0	0	0	0	0	0
fsh-generated/resources/ConceptMap-FRParticipantCorpsLMCDAFHIR.json	9983	1	0	0	0	0	0	0	1	14617	0	0	0	0	0	0	0	1	0	0	4	23	21318	0	0	0	1	0	0
fsh-generated/resources/ConceptMap-FRPatientWithNonHumanSubjectLMCDAFHIR.json	3868	1	0	0	0	0	0	0	0	1599	0	0	0	0	0	0	0	0	0	0	3	12	2150	0	0	0	0	0	0
fsh-generated/resources/ConceptMap-FRPregnancyHistoryLMCDAFHIR.json	4326	1	0	0	0	0	0	0	0	2018	0	0	0	0	0	0	0	0	0	0	3	12	3046	0	0	0	1	0	0
fsh-generated/resources/ConceptMap-FRProcedureLMCDAFHIR.json	10086	2	0	0	0	0	0	0	1	5559	0	0	0	0	0	0	0	0	0	0	3	25	7872	0	0	0	1	0	0
fsh-generated/resources/ConceptMap-FRResultsLMCDAFHIR.json	4412	1	0	0	1	0	0	0	0	2410	0	0	0	0	0	0	0	0	0	0	2	12	3375	0	0	0	0	0	0
fsh-generated/resources/ConceptMap-FRSectionActiveProblemsLMCDAFHIR.json	3433	1	0	0	0	0	0	0	1	1603	0	0	0	0	0	0	0	0	0	0	2	11	2152	0	0	0	0	0	0
fsh-generated/resources/ConceptMap-FRSectionAddedDocumentsLMCDAFHIR.json	4005	1	0	0	0	0	0	0	0	1814	0	0	0	0	0	0	0	0	0	0	2	11	2534	0	0	0	1	0	0
fsh-generated/resources/ConceptMap-FRSectionAdvanceDirectiveLMCDAFHIR.json	3532	1	0	0	0	0	0	0	0	4532	0	0	0	0	0	0	0	0	0	0	2	11	6391	0	0	0	0	0	1
fsh-generated/resources/ConceptMap-FRSectionAdverseEventLMCDAFHIR.json	3252	1	0	0	0	0	0	0	1	1293	0	0	0	0	0	0	0	0	0	0	2	9	1708	0	0	0	0	0	0
fsh-generated/resources/ConceptMap-FRSectionAllergyIntoleranceLMCDAFHIR.json	3800	1	0	0	0	0	0	0	0	1552	0	0	0	0	0	0	0	0	0	0	3	12	2071	0	0	0	1	0	0
fsh-generated/resources/ConceptMap-FRSectionBarCodesLMCDAFHIR.json	3307	1	0	0	0	0	0	0	0	1559	0	0	0	0	0	0	0	0	0	0	2	10	2106	0	0	0	0	0	0
fsh-generated/resources/ConceptMap-FRSectionCarePlanLMCDAFHIR.json	5438	1	0	0	0	0	0	0	1	2712	0	0	0	0	0	0	0	0	0	0	2	15	3823	0	0	0	1	0	0
fsh-generated/resources/ConceptMap-FRSectionDocumentStatusLMCDAFHIR.json	3474	0	0	0	0	0	0	0	0	1495	0	0	0	0	0	0	0	0	0	0	3	10	19161	0	0	0	0	0	0
fsh-generated/resources/ConceptMap-FRSectionExaminationResultsLMCDAFHIR.json	4493	1	0	0	0	0	0	0	0	2103	0	0	0	0	0	0	0	0	0	0	2	13	2944	0	0	0	0	0	0
fsh-generated/resources/ConceptMap-FRSectionExposureRadiationLMCDAFHIR.json	6373	1	0	0	0	0	0	0	1	2628	0	0	0	0	0	0	0	0	0	0	2	16	3768	0	0	0	1	0	0
fsh-generated/resources/ConceptMap-FRSectionFamilyHistoryLMCDAFHIR.json	3557	1	0	0	0	0	0	0	0	1564	0	0	0	0	0	0	0	0	0	0	2	11	2182	0	0	0	0	0	0
fsh-generated/resources/ConceptMap-FRSectionFunctionalStatusLMCDAFHIR.json	4511	1	0	0	1	0	0	0	0	2087	0	0	0	0	0	0	0	0	0	0	2	12	3029	0	0	0	1	0	0
fsh-generated/resources/ConceptMap-FRSectionHistoryActsLMCDAFHIR.json	4012	1	0	0	0	0	0	0	1	1781	0	0	0	0	0	0	0	0	0	0	2	12	2898	0	0	0	0	0	0
fsh-generated/resources/ConceptMap-FRSectionHospitalDischargeMedicationsLMCDAFHIR.json	3636	1	0	0	0	0	0	0	0	1570	0	0	0	0	0	0	0	0	0	0	3	11	2220	0	0	0	0	0	0
fsh-generated/resources/ConceptMap-FRSectionImagingActLMCDAFHIR.json	6691	1	0	0	0	0	0	0	1	2634	0	0	0	0	0	0	0	0	0	0	2	18	3714	0	0	0	1	0	0
fsh-generated/resources/ConceptMap-FRSectionImagingAddendumLMCDAFHIR.json	3239	0	0	0	0	0	0	0	0	3	0	0	0	0	0	0	0	0	0	0	2	10	23	0	0	0	0	0	0
fsh-generated/resources/ConceptMap-FRSectionImagingClinicalInformationLMCDAFHIR.json	7305	2	0	0	0	0	0	0	0	4911	0	0	0	0	0	0	0	0	0	0	2	18	6782	0	0	0	1	0	0
fsh-generated/resources/ConceptMap-FRSectionImagingComparisonLMCDAFHIR.json	3683	1	0	0	0	0	0	0	1	1238	0	0	0	0	0	0	0	0	0	0	2	10	1709	0	0	0	0	0	0
fsh-generated/resources/ConceptMap-FRSectionImagingComplicationsLMCDAFHIR.json	2240	1	0	0	0	0	0	0	0	1237	0	0	0	0	0	0	0	0	0	0	2	8	1706	0	0	0	0	0	0
fsh-generated/resources/ConceptMap-FRSectionImagingConclusionLMCDAFHIR.json	2241	1	0	0	0	0	0	0	0	1294	0	0	0	0	0	0	0	0	0	0	2	8	1706	0	0	0	1	0	0
fsh-generated/resources/ConceptMap-FRSectionImagingObjectCatalogLMCDAFHIR.json	3486	1	0	0	0	0	0	0	0	1500	0	0	0	0	0	0	0	0	0	0	3	12	2097	0	0	0	0	0	0
fsh-generated/resources/ConceptMap-FRSectionImagingRadiationExposureLMCDAFHIR.json	5085	1	0	0	0	0	0	0	1	1966	0	0	0	0	0	0	0	0	0	0	2	15	2899	0	0	0	1	0	0
fsh-generated/resources/ConceptMap-FRSectionImagingResultsLMCDAFHIR.json	2441	1	0	0	1	0	0	0	0	959	0	0	0	0	0	0	0	0	0	0	2	8	1315	0	0	0	0	0	0
fsh-generated/resources/ConceptMap-FRSectionImagingServiceRequestLMCDAFHIR.json	2846	1	0	0	0	0	0	0	0	946	0	0	0	0	0	0	0	0	0	0	2	10	1302	0	0	0	0	0	0
fsh-generated/resources/ConceptMap-FRSectionImmunizationsLMCDAFHIR.json	3351	1	0	0	0	0	0	0	0	1582	0	0	0	0	0	0	0	0	0	0	2	10	2144	0	0	0	0	0	0
fsh-generated/resources/ConceptMap-FRSectionLaboratoryChapterLMCDAFHIR.json	3984	1	0	0	0	0	0	0	1	7215	0	0	0	0	0	0	0	0	0	0	2	12	10060	0	0	0	1	0	0
fsh-generated/resources/ConceptMap-FRSectionLaboratorySecondIntentionResultsLMCDAFHIR.json	4927	1	0	0	0	0	0	0	0	5224	0	0	0	0	0	0	0	0	0	0	3	13	7497	0	0	0	0	0	0
fsh-generated/resources/ConceptMap-FRSectionLaboratorySubChapterLMCDAFHIR.json	3663	0	0	0	0	0	0	0	0	4431	0	0	0	0	0	0	0	0	0	0	2	10	6235	0	0	0	1	0	0
fsh-generated/resources/ConceptMap-FRSectionMedicalDeviceLMCDAFHIR.json	3698	1	0	0	0	0	0	0	1	6372	0	0	0	0	0	0	0	0	0	0	2	13	8936	0	0	0	0	0	0
fsh-generated/resources/ConceptMap-FRSectionMedicalHistoryLMCDAFHIR.json	3518	1	0	0	0	0	0	0	0	1498	0	0	0	0	0	0	0	0	0	0	3	11	2182	0	0	0	0	0	0
fsh-generated/resources/ConceptMap-FRSectionMedicationAdministrationLMCDAFHIR.json	3672	1	0	0	0	0	0	0	0	1550	0	0	0	0	0	0	0	0	0	0	2	10	2087	0	0	0	1	0	0
fsh-generated/resources/ConceptMap-FRSectionMedicationDispenseLMCDAFHIR.json	3662	1	0	0	0	0	0	0	1	1559	0	0	0	0	0	0	0	0	0	0	2	12	3133	0	0	0	0	0	0
fsh-generated/resources/ConceptMap-FRSectionMedicationRequestLMCDAFHIR.json	4151	1	0	0	0	0	0	0	0	1816	0	0	0	0	0	0	0	0	0	0	2	11	2538	0	0	0	0	0	0
fsh-generated/resources/ConceptMap-FRSectionMedicationsLMCDAFHIR.json	3323	1	0	0	0	0	0	0	0	1512	0	0	0	0	0	0	0	0	0	0	2	11	2113	0	0	0	1	0	0
fsh-generated/resources/ConceptMap-FRSectionNoteLMCDAFHIR.json	2870	1	0	0	0	0	0	0	1	1235	0	0	0	0	0	0	0	0	0	0	2	9	1737	0	0	0	0	0	0
fsh-generated/resources/ConceptMap-FRSectionPDFDocumentCopyLMCDAFHIR.json	3475	1	0	0	1	0	0	0	0	1535	0	0	0	0	0	0	0	0	0	0	2	10	2101	0	0	0	0	0	0
fsh-generated/resources/ConceptMap-FRSectionPatientEducationLMCDAFHIR.json	4576	1	0	0	0	0	0	0	0	2180	0	0	0	0	0	0	0	0	0	0	2	13	3015	0	0	0	1	0	0
fsh-generated/resources/ConceptMap-FRSectionPhysicalFunctionsLMCDAFHIR.json	4616	1	0	0	0	0	0	0	1	2130	0	0	0	0	0	0	0	0	0	0	3	13	3053	0	0	0	0	0	0
fsh-generated/resources/ConceptMap-FRSectionPregnancyHistoryLMCDAFHIR.json	4288	1	0	0	0	0	0	0	0	1829	0	0	0	0	0	0	0	0	0	0	2	14	2694	0	0	0	1	0	0
fsh-generated/resources/ConceptMap-FRSectionPrescriptionOfMedicalDevicesLMCDAFHIR.json	4418	1	0	0	0	0	0	0	0	1836	0	0	0	0	0	0	0	0	0	0	2	12	2558	0	0	0	0	0	0
fsh-generated/resources/ConceptMap-FRSectionReasonForRecommendationLMCDAFHIR.json	4229	1	0	0	0	0	0	0	1	1807	0	0	0	0	0	0	0	1	0	0	2	13	2508	0	0	0	0	0	0
fsh-generated/resources/ConceptMap-FRSectionResultsLMCDAFHIR.json	3243	1	0	0	0	0	0	0	0	1536	0	0	0	0	0	0	0	0	0	0	2	11	2148	0	0	0	1	0	0
fsh-generated/resources/ConceptMap-FRSectionSocialHistoryLMCDAFHIR.json	3570	1	0	0	0	0	0	0	0	4529	0	0	0	0	0	0	0	0	0	0	2	10	6348	0	0	0	0	0	0
fsh-generated/resources/ConceptMap-FRSectionUncodedExaminationResultsLMCDAFHIR.json	2999	1	0	0	0	0	0	0	1	1308	0	0	0	0	0	0	0	0	0	0	2	10	1740	0	0	0	0	0	0
fsh-generated/resources/ConceptMap-FRSectionUncodedOccupationalRiskFactorsLMCDAFHIR.json	3447	1	0	0	0	0	0	0	0	1299	0	0	0	0	0	0	0	0	0	0	2	10	1734	0	0	0	1	0	0
fsh-generated/resources/ConceptMap-FRSectionUncodedPointsOfVigilanceLMCDAFHIR.json	3147	1	0	0	0	0	0	0	0	1264	0	0	0	0	0	0	0	0	0	0	2	10	1755	0	0	0	0	0	0
fsh-generated/resources/ConceptMap-FRSectionUncodedReasonForRecommendationLMCDAFHIR.json	3228	0	0	0	0	0	0	0	0	1269	0	0	0	0	0	0	0	0	0	0	2	10	1660	0	0	0	0	0	0
fsh-generated/resources/ConceptMap-FRSectionVitalSignsLMCDAFHIR.json	2906	1	0	0	1	0	0	0	1	18383	0	0	0	0	0	0	0	0	0	0	3	10	1734	0	0	0	1	0	0
fsh-generated/resources/ConceptMap-FRServiceRequestLMCDAFHIR.json	6646	1	0	0	0	0	0	0	0	4269	0	0	0	0	0	0	0	0	0	0	2	17	4613	0	0	0	0	0	0
fsh-generated/resources/ConceptMap-FRSpecimenLMCDAFHIR.json	5223	1	0	0	0	0	0	0	0	2647	0	0	0	0	0	0	0	0	0	0	2	14	3880	0	0	0	1	0	0
fsh-generated/resources/ConceptMap-mappingAuteurCDAFHIR.json	3968	1	0	0	0	0	0	0	1	1728	0	0	0	0	0	0	0	0	0	0	2	12	2131	0	0	0	0	0	0
fsh-generated/resources/ConceptMap-mappingConsentementCDAFHIR.json	3164	2	0	0	0	0	0	0	0	1262	0	0	0	0	0	0	0	0	0	0	2	10	1739	0	0	0	0	0	0
fsh-generated/resources/ConceptMap-mappingDestinatairePrevuCDAFHIR.json	6120	1	0	0	0	0	0	0	1	700	0	0	0	0	0	0	0	0	0	0	2	17	878	0	0	0	1	0	0
fsh-generated/resources/ConceptMap-mappingDocumentDeReferenceCDAFHIR.json	2572	1	0	0	0	0	0	0	0	1003	0	0	0	0	0	0	0	0	0	0	3	9	1324	0	0	0	0	0	0
fsh-generated/resources/ConceptMap-mappingEvenementCDAFHIR.json	5478	1	0	0	0	0	0	0	0	2348	0	0	0	0	0	0	0	0	0	0	2	15	3411	0	0	0	1	0	0
fsh-generated/resources/ConceptMap-mappingInformateurCDAFHIR.json	2841	1	0	0	0	0	0	0	0	992	0	0	0	0	0	0	0	0	0	0	2	9	1258	0	0	0	0	0	0
fsh-generated/resources/ConceptMap-mappingOperateurSaisieCDAFHIR.json	2678	0	0	0	0	0	0	0	1	1000	0	0	0	0	0	0	0	0	0	0	3	9	1290	0	0	0	0	0	0
fsh-generated/resources/ConceptMap-mappingParticipantCDAFHIR.json	8171	2	0	0	0	0	0	0	0	7627	0	0	0	0	0	0	0	0	0	0	4	20	10575	0	0	0	1	0	0
fsh-generated/resources/ConceptMap-mappingPatientCDAFHIR.json	17847	2	0	0	0	0	0	0	1	8807	0	0	0	0	0	0	0	0	0	0	4	39	13207	0	0	0	1	0	0
fsh-generated/resources/ConceptMap-mappingPersonneStructureAssignedEntityFHIR.json	9449	1	0	0	1	0	0	0	1	4536	0	0	0	0	0	0	0	0	0	0	4	23	6680	0	0	0	1	0	0
fsh-generated/resources/ConceptMap-mappingPersonneStructureAuteurFHIR.json	9545	2	0	0	0	0	0	0	1	4602	0	0	0	0	0	0	0	0	0	0	2	23	6745	0	0	0	1	0	0
fsh-generated/resources/ConceptMap-mappingPersonneStructureRelatedEntityFHIR.json	8572	1	0	0	0	0	0	0	1	5561	0	0	0	0	0	0	0	0	0	0	2	21	8454	0	0	0	1	0	1
fsh-generated/resources/ConceptMap-mappingPrescriptionCDAFHIR.json	2544	1	0	0	0	0	0	0	0	977	0	0	0	0	0	0	0	0	0	0	3	13	1570	0	0	0	0	0	0
fsh-generated/resources/ConceptMap-mappingPriseEnchargeCDAFHIR.json	10008	2	0	0	0	0	0	0	0	4611	0	0	0	0	1	0	0	0	0	0	2	25	7019	0	0	0	1	0	0
fsh-generated/resources/ConceptMap-mappingResponsableCDAFHIR.json	7270	1	0	0	0	0	0	0	1	971	0	0	0	0	0	0	0	0	0	0	2	19	1327	0	0	0	1	0	0
fsh-generated/resources/ConceptMap-mappingStructureConservationCDAFHIR.json	4475	2	0	0	0	0	0	0	0	1774	0	0	0	0	0	0	0	0	0	0	2	13	2526	0	0	0	0	0	0
fsh-generated/resources/ConceptMap-mappingSystemeFHIR.json	6491	1	0	0	0	0	0	0	1	6187	0	0	0	0	0	0	0	0	0	0	3	16	8599	0	0	0	1	0	0
fsh-generated/resources/ConceptMap-mappingValidateurCDAFHIR.json	7139	1	0	0	0	0	0	0	0	987	0	0	0	0	0	0	0	0	0	0	2	18	1231	0	0	1	0	0	0
fsh-generated/resources/ConceptMap-mappingmodelemetierCDAFHIR.json	14066	2	0	0	0	0	0	0	1	7265	0	0	0	0	0	0	0	0	0	0	2	40	10547	0	0	0	2	0	0
fsh-generated/resources/Procedure-example-procedure-data-absent-reason.json	932	1	0	0	0	0	0	0	0	8	0	0	0	0	0	0	0	0	0	0	2	5	15	0	0	0	0	0	0
fsh-generated/resources/StructureDefinition-cisis-addr.json	10638	2	0	109	1	0	0	0	0	212	0	0	1	0	0	0	0	3	0	0	2	373	3344	0	0	0	13	1	1
fsh-generated/resources/StructureDefinition-cisis-telecom.json	2578	2	0	10	0	0	0	0	0	8	0	0	0	0	0	0	0	0	0	0	0	30	411	0	0	0	1	0	0
fsh-generated/resources/StructureDefinition-fr-accession-number-identifier-document.json	1483	1	0	11	0	0	0	0	1	17	0	0	0	0	0	0	0	0	0	0	0	47	448	0	0	0	1	0	0
fsh-generated/resources/StructureDefinition-fr-actor-extension.json	4421	1	0	14	0	0	0	0	0	37	0	0	0	0	0	0	0	0	0	0	0	80	460	0	0	0	3	0	0
fsh-generated/resources/StructureDefinition-fr-advance-directive-document.json	4316	2	0	49	0	0	0	0	0	27	0	0	1	0	0	0	0	1	0	0	1	144	714	0	0	0	5	0	1
fsh-generated/resources/StructureDefinition-fr-adverse-event-document.json	3859	1	0	815	0	0	0	0	0	16	0	0	0	0	0	0	0	0	0	0	0	92	523	0	0	0	4	0	0
fsh-generated/resources/StructureDefinition-fr-allergy-intolerance-document.json	5057	1	0	209	0	0	0	0	0	19	0	0	0	0	0	0	0	0	0	0	0	187	583	0	0	0	5	0	0
fsh-generated/resources/StructureDefinition-fr-author-time-extension.json	1471	1	0	8	0	0	0	0	0	6	0	0	0	0	0	0	0	0	0	0	1	31	280	0	0	0	1	0	0
fsh-generated/resources/StructureDefinition-fr-body-structure-document.json	1372	1	0	7	0	0	0	0	0	7	0	0	0	0	0	0	0	0	0	0	0	50	347	0	0	0	1	0	0
fsh-generated/resources/StructureDefinition-fr-bundle-document.json	6837	1	0	224	0	0	0	0	0	46	0	0	0	0	0	0	0	2	0	0	0	446	1752	0	1	0	16	0	1
fsh-generated/resources/StructureDefinition-fr-care-plan-document.json	2411	1	0	23	0	0	0	0	0	19	0	0	1	0	0	0	0	1	0	0	0	128	669	0	0	0	6	1	1
fsh-generated/resources/StructureDefinition-fr-cda-accidents-transfusionnels.json	7062	2	0	31	0	0	0	0	0	36	0	0	0	0	0	0	0	0	0	0	1	128	572	0	0	0	4	0	0
fsh-generated/resources/StructureDefinition-fr-cda-acte-substitution.json	4381	1	0	14	0	0	0	0	0	25	0	0	0	0	0	0	0	1	0	0	0	88	449	0	0	0	3	0	0
fsh-generated/resources/StructureDefinition-fr-cda-acte.json	18043	3	0	101	0	0	0	0	0	70	0	0	0	0	0	0	0	1	0	0	1	297	1051	0	0	0	11	0	1
fsh-generated/resources/StructureDefinition-fr-cda-administration-de-derives-du-sang.json	6825	1	0	14	0	0	0	0	0	21	0	0	0	0	0	0	0	0	0	0	0	127	564	0	0	0	4	0	0
fsh-generated/resources/StructureDefinition-fr-cda-allergie-ou-hypersensibilite.json	15676	3	0	60	0	0	0	0	0	53	0	0	0	0	0	0	0	1	0	0	1	308	1107	0	0	0	11	0	1
fsh-generated/resources/StructureDefinition-fr-cda-allergies-et-hypersensibilites.json	5691	1	0	16	0	0	0	0	0	21	0	0	1	0	0	0	0	1	0	0	1	108	454	0	0	0	4	0	0
fsh-generated/resources/StructureDefinition-fr-cda-antecedent-familial-observe.json	7770	2	0	15	0	0	0	0	0	29	0	0	0	0	0	0	0	0	0	0	0	141	563	0	0	0	5	1	0
fsh-generated/resources/StructureDefinition-fr-cda-antecedents-familiaux.json	6873	1	0	18	0	0	0	0	0	24	0	0	0	0	0	0	0	1	0	0	0	139	622	0	0	0	5	0	0
fsh-generated/resources/StructureDefinition-fr-cda-antecedents-medicaux.json	5154	2	0	14	0	0	0	0	0	15	0	0	0	0	0	0	0	0	0	0	1	98	426	0	0	0	4	0	0
fsh-generated/resources/StructureDefinition-fr-cda-assigned-author.json	6347	1	0	4	0	0	0	0	0	22	0	0	0	0	0	0	0	0	0	0	0	79	320	0	0	0	2	0	1
fsh-generated/resources/StructureDefinition-fr-cda-assigned-custodian.json	2601	1	0	7	0	0	0	0	0	7	0	0	0	0	0	0	0	0	0	0	0	38	261	0	0	0	2	0	0
fsh-generated/resources/StructureDefinition-fr-cda-assigned-entity.json	6025	2	0	4	0	0	0	0	0	14	0	0	0	0	0	0	0	0	0	0	0	91	339	0	0	0	3	0	0
fsh-generated/resources/StructureDefinition-fr-cda-assigned-person.json	3350	1	0	3	0	0	0	0	0	9	0	0	0	0	0	0	0	0	0	0	1	55	276	0	0	0	1	0	0
fsh-generated/resources/StructureDefinition-fr-cda-associated-entity.json	5043	1	0	15	0	0	0	0	0	11	0	0	0	0	0	0	0	1	0	0	0	70	309	0	0	0	3	0	0
fsh-generated/resources/StructureDefinition-fr-cda-authenticator.json	3758	1	0	6	0	0	0	0	0	11	0	0	0	0	0	0	0	0	0	0	0	63	301	0	0	0	2	0	0
fsh-generated/resources/StructureDefinition-fr-cda-author.json	4060	1	0	4	0	0	0	0	0	14	0	0	0	0	0	0	0	0	0	0	0	72	315	0	0	0	2	0	0
fsh-generated/resources/StructureDefinition-fr-cda-authoring-device.json	2536	1	0	2	0	0	0	0	0	7	0	0	0	0	0	0	0	0	0	0	1	43	262	0	0	0	1	0	0
fsh-generated/resources/StructureDefinition-fr-cda-authorization.json	3071	1	0	6	0	0	0	0	0	11	0	0	0	0	0	0	0	0	0	0	0	63	308	0	0	0	2	0	0
fsh-generated/resources/StructureDefinition-fr-cda-autorisation-substitution.json	4482	2	0	7	1	0	0	0	0	14	0	0	0	0	0	0	0	0	0	0	0	86	410	0	0	0	3	0	0
fsh-generated/resources/StructureDefinition-fr-cda-batterie-examens-de-biologie-medicale.json	12996	2	0	58	0	0	0	0	0	29	0	0	0	0	0	0	0	1	0	0	1	189	604	0	0	0	7	0	1
fsh-generated/resources/StructureDefinition-fr-cda-certitude.json	6486	1	0	22	0	0	0	0	0	20	0	0	0	0	0	0	0	0	0	0	0	125	471	0	0	0	4	0	0
fsh-generated/resources/StructureDefinition-fr-cda-clinical-document.json	10691	2	0	46	0	0	0	0	0	18	0	0	0	0	0	0	0	0	0	0	0	109	371	0	0	0	4	1	0
fsh-generated/resources/StructureDefinition-fr-cda-code-a-barres.json	4479	1	0	9	0	0	0	0	0	14	0	0	1	0	0	0	0	1	0	0	1	89	391	0	0	0	4	0	0
fsh-generated/resources/StructureDefinition-fr-cda-commentaire-er.json	6166	2	0	7	0	0	0	0	0	17	0	0	0	0	0	0	0	0	0	0	0	110	423	0	0	0	3	0	1
fsh-generated/resources/StructureDefinition-fr-cda-commentaire-non-code.json	4678	1	0	8	0	0	0	0	0	14	0	0	0	0	0	0	0	0	0	0	0	94	390	0	0	0	4	0	0
fsh-generated/resources/StructureDefinition-fr-cda-component-of.json	2559	1	0	13	0	0	0	0	0	8	0	0	0	0	0	0	0	0	0	0	0	39	277	0	0	0	1	0	0
fsh-generated/resources/StructureDefinition-fr-cda-cr-bio-chapitre.json	6765	2	0	347	0	0	0	0	0	16	0	0	0	0	0	0	0	1	0	0	1	102	430	0	0	0	3	0	0
fsh-generated/resources/StructureDefinition-fr-cda-cr-bio-sous-chapitre.json	5895	1	0	12	0	0	0	0	0	16	0	0	0	0	0	0	0	0	0	0	0	101	432	0	0	0	4	0	0
fsh-generated/resources/StructureDefinition-fr-cda-criticite.json	7599	2	0	14	0	0	0	0	0	21	0	0	0	0	0	0	0	1	0	0	1	128	484	0	0	0	5	0	0
fsh-generated/resources/StructureDefinition-fr-cda-custodian.json	2504	1	0	6	0	0	0	0	0	7	0	0	0	0	0	0	0	0	0	0	0	39	249	0	0	0	1	0	1
fsh-generated/resources/StructureDefinition-fr-cda-data-enterer.json	3081	1	0	5	0	0	0	0	0	9	0	0	0	0	0	0	0	0	0	0	0	49	279	0	0	1	1	0	0
fsh-generated/resources/StructureDefinition-fr-cda-demande-d-examen-ou-de-suivi.json	8382	1	0	18	0	0	0	0	0	25	0	0	0	0	0	0	0	0	0	0	0	139	538	0	0	0	5	0	0
fsh-generated/resources/StructureDefinition-fr-cda-dicom-acte-imagerie.json	8648	2	0	99	0	0	0	1	0	114	0	0	0	0	0	0	0	1	0	0	1	157	583	0	0	0	6	0	0
fsh-generated/resources/StructureDefinition-fr-cda-dicom-addendum.json	4811	1	0	14	0	0	0	0	0	21	0	0	0	0	0	0	0	0	0	0	0	86	354	0	0	0	3	0	0
fsh-generated/resources/StructureDefinition-fr-cda-dicom-administration-produit-de-sante.json	10766	2	0	18	0	0	0	0	0	39	0	0	0	0	0	0	0	0	0	0	1	165	608	0	0	0	6	1	1
fsh-generated/resources/StructureDefinition-fr-cda-dicom-administration-radiopharmaceutique.json	9734	1	0	16	0	0	0	0	0	34	0	0	0	0	0	0	0	1	0	0	1	149	567	0	0	0	6	0	0
fsh-generated/resources/StructureDefinition-fr-cda-dicom-cadres-a-afficher.json	3886	1	0	10	0	0	0	0	0	20	0	0	0	0	0	0	0	0	0	0	0	86	382	0	0	0	2	0	0
fsh-generated/resources/StructureDefinition-fr-cda-dicom-cadres-references.json	4736	2	0	12	0	0	0	0	0	23	0	0	0	0	0	0	0	0	0	0	0	97	435	0	0	0	4	0	0
fsh-generated/resources/StructureDefinition-fr-cda-dicom-complications.json	4271	1	0	10	0	0	0	0	0	20	0	0	1	0	0	0	0	1	0	0	0	83	351	0	0	0	3	0	0
fsh-generated/resources/StructureDefinition-fr-cda-dicom-conclusion.json	4509	1	0	19	0	0	0	0	0	24	0	0	0	0	0	0	0	0	0	0	0	83	361	0	0	0	2	0	1
fsh-generated/resources/StructureDefinition-fr-cda-dicom-demande-examen.json	4219	2	0	13	0	0	0	0	0	18	0	0	0	0	0	0	0	0	0	0	1	82	366	0	0	0	3	0	0
fsh-generated/resources/StructureDefinition-fr-cda-dicom-examen-comparatif.json	4341	1	0	13	0	0	0	0	0	20	0	0	0	0	0	0	0	0	0	0	0	84	357	0	0	0	3	0	0
fsh-generated/resources/StructureDefinition-fr-cda-dicom-examen-imagerie.json	5444	1	0	11	0	0	0	0	0	19	0	0	0	0	0	0	0	1	0	0	0	106	402	0	0	0	3	0	0
fsh-generated/resources/StructureDefinition-fr-cda-dicom-exposition-aux-radiations.json	9001	2	0	21	0	0	1	0	0	26	0	0	0	0	0	0	0	0	0	0	1	178	623	0	0	0	6	0	0
fsh-generated/resources/StructureDefinition-fr-cda-dicom-exposition-patient.json	4342	1	0	9	0	0	0	0	0	13	0	0	0	0	0	0	0	1	0	0	0	73	337	0	0	0	2	0	1
fsh-generated/resources/StructureDefinition-fr-cda-dicom-historique-medical.json	4973	1	0	16	0	0	0	0	0	16	0	0	0	0	0	0	0	0	0	0	0	95	394	0	0	0	4	0	0
fsh-generated/resources/StructureDefinition-fr-cda-dicom-informations-cliniques.json	6674	2	0	17	0	0	0	0	0	22	0	0	0	0	0	0	0	0	0	0	0	112	415	0	0	0	4	0	0
fsh-generated/resources/StructureDefinition-fr-cda-dicom-object-catalog.json	5036	1	0	12	0	0	0	0	0	16	0	0	0	0	0	0	0	1	0	0	1	97	417	0	0	0	3	0	0
fsh-generated/resources/StructureDefinition-fr-cda-dicom-objectifs-de-reference.json	4346	2	0	10	1	0	0	0	0	16	0	0	0	0	0	0	0	0	0	0	0	88	400	0	0	0	3	0	0
fsh-generated/resources/StructureDefinition-fr-cda-dicom-observation-subordonnee.json	8172	2	0	19	0	0	0	0	0	29	0	0	0	0	0	0	0	0	0	0	1	155	523	0	0	0	5	0	1
fsh-generated/resources/StructureDefinition-fr-cda-dicom-observation.json	10405	2	0	20	0	0	0	0	0	29	0	0	0	0	0	0	0	1	0	0	0	212	658	0	0	0	7	0	0
fsh-generated/resources/StructureDefinition-fr-cda-dicom-quantite-subordonnee.json	8853	3	0	21	0	0	0	0	0	22	0	0	0	0	0	0	0	1	0	0	1	148	552	0	0	0	6	0	0
fsh-generated/resources/StructureDefinition-fr-cda-dicom-quantite.json	8361	3	0	14	0	0	0	0	0	22	0	0	1	0	0	0	0	0	0	0	0	142	480	0	0	0	5	0	1
fsh-generated/resources/StructureDefinition-fr-cda-dicom-resultats.json	4342	2	0	13	0	0	0	0	0	13	0	0	0	0	0	0	0	0	0	0	0	82	359	0	0	0	2	0	0
fsh-generated/resources/StructureDefinition-fr-cda-dicom-serie-imagerie.json	6799	2	0	13	0	0	0	0	0	23	0	0	0	0	0	0	0	1	0	0	1	136	513	0	0	0	5	0	0
fsh-generated/resources/StructureDefinition-fr-cda-dicom-sop-instance-observation-subordonnee.json	7818	3	0	16	0	0	0	0	0	22	0	0	0	0	0	0	0	0	0	0	0	147	547	0	0	0	5	1	0
fsh-generated/resources/StructureDefinition-fr-cda-dicom-sop-instance-observation.json	9079	3	0	18	0	0	0	0	0	24	0	0	0	0	0	0	0	1	0	0	1	168	662	0	0	0	6	0	1
fsh-generated/resources/StructureDefinition-fr-cda-dicom-technique-imagerie.json	8338	3	0	14	0	0	0	0	0	104	0	0	0	0	0	0	0	0	0	0	0	142	533	0	0	0	5	0	0
fsh-generated/resources/StructureDefinition-fr-cda-directive-anticipee.json	11677	3	0	32	0	0	0	0	0	35	0	0	0	0	0	0	0	1	0	0	1	228	809	0	0	0	8	0	1
fsh-generated/resources/StructureDefinition-fr-cda-dispensation-medicaments.json	5809	2	0	141	0	0	0	0	0	17	0	0	0	0	0	0	0	0	0	0	0	109	425	0	0	0	4	0	0
fsh-generated/resources/StructureDefinition-fr-cda-dispositif-medical.json	13562	3	0	148	0	0	0	0	0	101	0	0	0	0	0	0	0	1	0	0	1	253	1434	0	1	0	10	0	0
fsh-generated/resources/StructureDefinition-fr-cda-document-attache.json	7653	2	0	27	0	0	0	0	0	24	0	0	1	0	0	0	0	1	0	0	0	227	581	0	0	0	5	0	1
fsh-generated/resources/StructureDefinition-fr-cda-document-pdf-copie.json	4470	1	0	14	0	0	0	0	0	14	0	0	0	0	0	0	0	0	0	0	0	87	377	0	0	0	3	0	0
fsh-generated/resources/StructureDefinition-fr-cda-documentation-of.json	2779	1	0	5	0	0	0	0	0	7	0	0	0	0	0	0	0	0	0	0	1	39	243	0	0	0	1	0	0
fsh-generated/resources/StructureDefinition-fr-cda-documents-ajoutes.json	5407	1	0	16	0	0	0	0	0	16	0	0	0	0	0	0	0	0	0	0	0	105	416	0	0	0	4	0	0
fsh-generated/resources/StructureDefinition-fr-cda-dose-antigene.json	5052	2	0	13	0	0	0	0	0	13	0	0	0	0	0	0	0	1	0	0	0	87	397	0	0	0	3	0	0
fsh-generated/resources/StructureDefinition-fr-cda-education-du-patient.json	7008	1	0	24	0	0	0	0	0	20	0	0	0	0	0	0	0	0	0	0	0	139	482	0	0	0	4	0	1
fsh-generated/resources/StructureDefinition-fr-cda-effet-indesirable.json	11913	2	0	40	0	0	0	0	0	32	0	0	0	0	0	0	0	1	0	0	1	232	703	0	0	0	8	0	0
fsh-generated/resources/StructureDefinition-fr-cda-effets-indesirables.json	4401	1	0	15	0	0	0	0	0	13	0	0	0	0	0	0	0	0	0	0	0	86	373	0	0	0	3	1	0
fsh-generated/resources/StructureDefinition-fr-cda-en-rapport-avec-accident-travail.json	7282	2	0	13	0	0	0	0	0	19	0	0	0	0	0	0	0	1	0	0	1	128	446	0	0	0	4	0	0
fsh-generated/resources/StructureDefinition-fr-cda-en-rapport-avec-ald.json	6979	1	0	13	0	0	0	0	0	18	0	0	0	0	0	0	0	0	0	0	0	127	445	0	0	0	5	0	1
fsh-generated/resources/StructureDefinition-fr-cda-en-rapport-avec-la-prevention.json	7042	2	0	13	0	0	0	0	0	17	0	0	0	0	0	0	0	1	0	0	0	126	443	0	0	0	4	0	0
fsh-generated/resources/StructureDefinition-fr-cda-encompassing-encounter.json	7023	1	0	9	0	0	0	0	0	19	0	0	0	0	0	0	0	0	0	0	0	119	351	0	0	0	4	0	0
fsh-generated/resources/StructureDefinition-fr-cda-encounter-participant.json	3080	1	0	4	0	0	0	0	0	7	0	0	0	0	0	0	0	0	0	0	1	44	246	0	0	0	2	0	0
fsh-generated/resources/StructureDefinition-fr-cda-evaluation-composant-n2.json	6725	1	0	21	0	0	0	0	0	20	0	0	0	0	0	0	0	0	0	0	0	136	525	0	0	0	4	0	1
fsh-generated/resources/StructureDefinition-fr-cda-evaluation-composant.json	9802	2	0	34	0	0	0	0	0	25	0	0	1	0	0	0	0	1	0	0	0	189	641	0	0	0	7	0	0
fsh-generated/resources/StructureDefinition-fr-cda-evaluation.json	13827	2	0	40	0	0	0	0	0	35	0	0	0	0	0	0	0	1	0	0	1	256	869	0	0	0	10	0	0
fsh-generated/resources/StructureDefinition-fr-cda-evenement-indesirable-pendant-hospitalisation.json	6459	1	0	18	1	0	0	0	0	17	0	0	0	0	0	0	0	0	0	0	0	127	451	0	0	0	4	0	1
fsh-generated/resources/StructureDefinition-fr-cda-evenement-indesirable-suite-administration-derives-sang.json	6731	1	0	18	0	0	0	0	0	18	0	0	0	0	0	0	0	1	0	0	1	129	442	0	0	0	4	0	0
fsh-generated/resources/StructureDefinition-fr-cda-evenement.json	16354	2	0	46	0	0	0	0	0	38	0	0	0	0	0	0	0	0	0	0	0	277	859	0	0	0	10	0	0
fsh-generated/resources/StructureDefinition-fr-cda-evolution-effet-indesirable.json	4443	2	0	12	0	0	0	0	0	13	0	0	0	0	0	0	0	1	0	0	1	87	387	0	0	0	3	0	1
fsh-generated/resources/StructureDefinition-fr-cda-facteurs-de-risque-professionnels-non-code.json	4624	1	0	12	0	0	0	0	0	12	0	0	0	0	0	0	0	0	0	0	0	85	353	0	0	0	3	0	0
fsh-generated/resources/StructureDefinition-fr-cda-fonctions-physiques.json	6065	1	0	23	0	0	0	0	0	23	0	0	0	0	0	0	0	0	0	0	0	116	442	0	0	0	4	0	0
fsh-generated/resources/StructureDefinition-fr-cda-gravite-effet-indesirable.json	5034	1	0	11	0	0	0	0	0	14	0	0	0	0	0	0	0	1	0	0	0	93	397	0	0	0	3	0	0
fsh-generated/resources/StructureDefinition-fr-cda-groupe-de-questionnaires-d-evaluation.json	6112	2	0	12	0	0	0	0	0	16	0	0	0	0	0	0	0	0	0	0	1	115	425	0	0	0	4	0	1
fsh-generated/resources/StructureDefinition-fr-cda-habitus-mode-de-vie.json	7028	1	0	16	0	0	0	0	0	19	0	0	0	0	0	0	0	0	0	0	0	134	452	0	0	0	5	1	0
fsh-generated/resources/StructureDefinition-fr-cda-health-care-facility.json	5687	1	0	8	0	0	0	0	0	18	0	0	0	0	0	0	0	1	1	0	0	97	304	0	0	0	3	0	0
fsh-generated/resources/StructureDefinition-fr-cda-historique-de-la-grossesse.json	7549	2	0	27	0	0	0	0	0	18	0	0	0	0	0	0	0	0	0	0	1	122	459	0	0	0	4	0	0
fsh-generated/resources/StructureDefinition-fr-cda-historique-des-actes.json	7038	1	0	19	0	0	0	0	0	19	0	0	1	0	0	0	0	0	0	0	0	134	497	0	0	0	5	0	0
fsh-generated/resources/StructureDefinition-fr-cda-historique-des-grossesses.json	6135	1	0	18	0	0	0	0	0	16	0	0	0	0	0	0	0	1	0	0	0	117	450	0	0	0	4	0	1
fsh-generated/resources/StructureDefinition-fr-cda-hors-amm.json	7067	2	0	12	0	0	0	0	0	18	0	0	0	0	0	0	0	0	0	0	1	121	431	0	0	0	4	0	0
fsh-generated/resources/StructureDefinition-fr-cda-identification-micro-organismes-multiresistants.json	7132	1	0	16	0	0	0	0	0	75	0	0	0	0	0	0	0	0	0	0	0	115	423	0	0	0	4	0	0
fsh-generated/resources/StructureDefinition-fr-cda-image-illustrative.json	6543	2	0	8	0	0	0	0	0	14	0	0	0	0	0	0	0	1	0	0	0	92	348	0	0	0	3	0	0
fsh-generated/resources/StructureDefinition-fr-cda-imputabilite-effet-indesirable.json	5181	1	0	11	0	0	0	0	0	14	0	0	0	0	0	0	0	0	0	0	1	100	417	0	0	0	4	0	1
fsh-generated/resources/StructureDefinition-fr-cda-inFulfillment-of.json	2416	1	0	5	0	0	0	0	0	6	0	0	0	0	0	0	0	0	0	0	0	41	238	0	0	0	1	0	0
fsh-generated/resources/StructureDefinition-fr-cda-informant-apsr.json	4821	1	0	8	0	0	0	0	0	8	0	0	0	0	0	0	0	0	0	0	0	55	283	0	0	0	1	0	0
fsh-generated/resources/StructureDefinition-fr-cda-informant.json	3426	1	0	5	0	0	0	0	0	7	0	0	0	0	0	0	0	0	0	0	0	57	256	0	0	0	2	0	0
fsh-generated/resources/StructureDefinition-fr-cda-information-recipient.json	2734	1	0	6	0	0	0	0	0	6	0	0	0	0	0	0	0	0	0	0	0	39	239	0	0	0	1	0	0
fsh-generated/resources/StructureDefinition-fr-cda-instruction-au-patient.json	6439	1	0	10	0	0	0	0	0	16	0	0	0	0	0	0	0	1	0	0	1	115	472	0	0	0	4	0	0
fsh-generated/resources/StructureDefinition-fr-cda-instructions-au-dispensateur.json	5423	1	0	9	0	0	0	0	0	14	0	0	0	0	0	0	0	0	0	0	0	100	406	0	0	0	4	0	0
fsh-generated/resources/StructureDefinition-fr-cda-instructions-au-patient.json	6240	1	0	10	0	0	0	0	0	16	0	0	0	0	0	0	0	1	0	0	0	119	465	0	0	0	4	0	0
fsh-generated/resources/StructureDefinition-fr-cda-intended-recipient.json	4782	2	0	8	1	0	0	0	0	13	0	0	0	0	0	0	0	0	0	0	0	89	332	0	0	0	3	0	1
fsh-generated/resources/StructureDefinition-fr-cda-isolat-microbiologique.json	13942	2	0	23	0	0	0	0	0	32	0	0	1	0	0	0	0	2	0	0	1	252	896	0	0	0	10	0	0
fsh-generated/resources/StructureDefinition-fr-cda-item-plan-traitement.json	22156	2	0	27	0	0	0	0	0	48	0	0	0	0	0	0	0	1	0	0	1	334	1021	0	0	0	12	0	1
fsh-generated/resources/StructureDefinition-fr-cda-laboratoire-executant.json	3046	1	0	8	0	0	0	0	0	8	0	0	0	0	0	0	0	0	0	0	0	54	394	0	1	0	2	0	0
fsh-generated/resources/StructureDefinition-fr-cda-legal-authenticator.json	4287	1	0	9	0	0	0	0	0	14	0	0	0	0	0	0	0	0	0	0	0	85	362	0	0	0	2	0	0
fsh-generated/resources/StructureDefinition-fr-cda-liste-des-allergies-et-hypersensibilites.json	8258	2	0	12	0	0	0	0	0	20	0	0	0	0	0	0	0	1	0	0	1	147	552	0	0	0	6	0	0
fsh-generated/resources/StructureDefinition-fr-cda-liste-des-problemes.json	6468	1	0	15	0	0	0	0	0	17	0	0	0	0	0	0	0	0	0	0	0	121	435	0	0	0	4	1	1
fsh-generated/resources/StructureDefinition-fr-cda-modalite-entree.json	6167	2	0	13	0	0	0	0	0	15	0	0	1	0	0	0	0	0	0	0	0	103	400	0	0	0	4	0	0
fsh-generated/resources/StructureDefinition-fr-cda-modalite-sortie.json	6170	1	0	15	0	0	0	0	0	18	0	0	0	0	0	0	0	1	0	0	1	103	399	0	0	0	4	0	0
fsh-generated/resources/StructureDefinition-fr-cda-naissance.json	6709	2	0	12	0	0	0	0	0	17	0	0	0	0	0	0	0	0	0	0	0	112	424	0	0	0	3	0	0
fsh-generated/resources/StructureDefinition-fr-cda-name.json	2709	1	0	4	0	0	0	0	0	10	0	0	0	0	0	0	0	0	0	0	0	49	261	0	0	0	2	0	0
fsh-generated/resources/StructureDefinition-fr-cda-non-remboursable.json	6890	3	0	11	0	0	0	0	0	19	0	0	0	0	0	0	0	1	0	0	1	128	446	0	0	0	4	0	1
fsh-generated/resources/StructureDefinition-fr-cda-notes-du-dispensateur.json	5610	1	0	10	0	0	0	0	0	16	0	0	0	0	0	1	0	0	0	0	0	110	447	0	0	0	4	0	0
fsh-generated/resources/StructureDefinition-fr-cda-observation-sur-echelle-douleur.json	8215	2	0	183	0	0	0	0	0	20	0	0	0	0	0	0	0	0	0	0	0	145	479	0	0	0	5	0	0
fsh-generated/resources/StructureDefinition-fr-cda-observation-sur-la-grossesse.json	6145	1	0	11	0	0	0	0	0	18	0	0	0	0	0	0	0	1	0	0	1	122	488	0	0	0	5	0	0
fsh-generated/resources/StructureDefinition-fr-cda-order.json	3358	1	0	5	0	0	0	0	0	11	0	0	0	0	0	0	0	0	0	0	0	63	276	0	0	0	2	0	0
fsh-generated/resources/StructureDefinition-fr-cda-organisme-assurance-maladie.json	13293	2	0	43	0	0	0	0	0	44	0	0	1	0	0	0	0	1	0	0	1	299	1339	0	0	0	10	0	1
fsh-generated/resources/StructureDefinition-fr-cda-parent-document.json	2636	1	0	6	0	0	0	0	0	7	0	0	0	0	0	0	0	0	0	0	0	46	262	0	0	0	2	0	0
fsh-generated/resources/StructureDefinition-fr-cda-participant-apsr.json	6932	1	0	18	0	0	0	0	0	14	0	0	0	0	0	0	0	0	0	0	0	94	362	0	0	0	3	0	0
fsh-generated/resources/StructureDefinition-fr-cda-participant-corps.json	3900	1	0	6	0	0	0	0	0	9	0	0	0	0	0	0	0	0	0	0	1	60	289	0	0	0	2	0	0
fsh-generated/resources/StructureDefinition-fr-cda-participant-entete.json	5172	1	0	6	0	0	0	0	0	14	0	0	0	0	0	0	0	1	0	0	0	85	306	0	0	0	2	0	1
fsh-generated/resources/StructureDefinition-fr-cda-participant-role.json	3720	1	0	5	1	0	0	0	0	78	0	0	0	0	0	0	0	0	0	0	0	54	275	0	0	0	2	0	0
fsh-generated/resources/StructureDefinition-fr-cda-patient-avec-sujet-non-humain.json	4599	2	0	7	0	0	0	0	0	12	0	0	0	0	0	0	0	0	0	0	0	77	368	0	0	0	3	0	0
fsh-generated/resources/StructureDefinition-fr-cda-patient-role.json	3852	1	0	5	0	0	0	0	0	10	0	0	0	0	0	0	0	0	0	0	1	65	276	0	0	0	2	0	0
fsh-generated/resources/StructureDefinition-fr-cda-patient.json	4705	1	0	6	0	0	0	0	0	15	0	0	0	0	0	0	0	0	0	0	0	90	322	0	0	0	3	0	0
fsh-generated/resources/StructureDefinition-fr-cda-performer-corps.json	2784	1	0	5	0	0	0	0	0	7	0	0	0	0	0	0	0	0	0	0	0	45	272	0	0	0	1	0	0
fsh-generated/resources/StructureDefinition-fr-cda-performer.json	3200	1	0	6	0	0	0	0	0	9	0	0	0	0	0	0	0	0	0	0	0	65	321	0	0	0	2	0	0
fsh-generated/resources/StructureDefinition-fr-cda-periode-de-renouvellement.json	4616	1	0	6	0	0	0	0	0	10	0	0	0	0	0	0	0	1	0	0	0	71	342	0	0	0	3	0	0
fsh-generated/resources/StructureDefinition-fr-cda-plan-de-soins.json	8419	1	0	42	0	0	0	0	0	22	0	0	0	0	0	0	0	0	0	0	1	174	576	0	0	0	5	1	1
fsh-generated/resources/StructureDefinition-fr-cda-points-de-vigilances-non-code.json	3985	1	0	12	0	0	0	0	0	11	0	0	1	0	0	0	0	1	0	0	0	75	333	0	0	0	2	0	0
fsh-generated/resources/StructureDefinition-fr-cda-prelevement.json	15662	3	0	28	0	0	0	0	0	50	0	0	0	0	0	0	0	1	0	0	1	445	988	0	0	0	12	0	0
fsh-generated/resources/StructureDefinition-fr-cda-prescription-dispositifs-medicaux.json	5232	1	0	18	0	0	0	0	0	13	0	0	0	0	0	0	0	0	0	0	0	92	378	0	0	0	3	0	1
fsh-generated/resources/StructureDefinition-fr-cda-prescription-medicaments.json	5703	1	0	15	0	0	0	0	0	14	0	0	0	0	0	0	0	0	0	0	0	100	387	0	1	0	4	0	0
fsh-generated/resources/StructureDefinition-fr-cda-prescription.json	7207	1	0	18	0	0	0	0	0	21	0	0	0	0	0	0	0	1	0	0	1	164	612	0	0	0	5	0	0
fsh-generated/resources/StructureDefinition-fr-cda-probleme.json	15966	2	0	28	0	0	0	0	0	41	0	0	1	0	0	0	0	1	0	0	0	312	1005	0	0	0	12	0	1
fsh-generated/resources/StructureDefinition-fr-cda-problemes-actifs.json	5427	1	0	16	0	0	0	0	0	15	0	0	0	0	0	0	0	0	0	0	1	108	398	0	0	0	3	0	0
fsh-generated/resources/StructureDefinition-fr-cda-produit-de-sante.json	5164	1	0	10	0	0	0	0	0	16	0	0	0	0	0	0	0	1	0	0	0	105	405	0	0	0	4	0	0
fsh-generated/resources/StructureDefinition-fr-cda-quantite-de-produit.json	4500	1	0	8	0	0	0	0	0	11	0	0	0	0	0	0	0	0	0	0	0	77	342	0	0	0	2	0	1
fsh-generated/resources/StructureDefinition-fr-cda-raison-de-la-recommandation-non-code.json	4591	2	0	12	0	0	0	0	0	12	0	0	0	0	0	0	0	0	0	0	0	86	348	0	0	0	3	0	0
fsh-generated/resources/StructureDefinition-fr-cda-raison-de-la-recommandation.json	6723	1	0	18	0	0	0	0	0	17	0	0	0	0	0	0	0	1	0	0	1	126	441	0	0	0	4	0	0
fsh-generated/resources/StructureDefinition-fr-cda-rang-de-la-vaccination.json	6649	1	0	11	0	0	0	0	0	19	0	0	0	0	0	0	0	0	0	0	0	120	448	0	0	0	4	0	0
fsh-generated/resources/StructureDefinition-fr-cda-recherche-de-micro-organismes.json	7100	2	0	16	0	0	0	0	0	18	0	0	0	0	0	0	0	0	0	0	1	128	492	0	0	0	5	0	0
fsh-generated/resources/StructureDefinition-fr-cda-record-target.json	2684	1	0	4	0	0	0	0	0	6	0	0	0	0	0	0	0	0	0	0	0	42	240	0	0	0	1	0	1
fsh-generated/resources/StructureDefinition-fr-cda-reference-interne.json	4152	1	0	7	0	0	0	0	0	10	0	0	0	0	0	0	0	1	0	0	0	71	330	0	0	0	3	1	0
fsh-generated/resources/StructureDefinition-fr-cda-reference-item-plan-traitement.json	8357	1	0	15	0	0	0	0	0	20	0	0	1	0	0	0	0	0	0	0	0	155	612	0	0	0	5	0	0
fsh-generated/resources/StructureDefinition-fr-cda-reference-item-prescription.json	8032	1	0	15	1	0	0	0	0	20	0	0	0	0	0	0	0	1	0	0	1	153	539	0	0	0	5	0	0
fsh-generated/resources/StructureDefinition-fr-cda-references-externes.json	5696	2	0	12	0	0	0	0	0	16	0	0	0	0	0	0	0	0	0	0	0	116	473	0	0	0	5	0	1
fsh-generated/resources/StructureDefinition-fr-cda-related-document.json	2930	1	0	4	0	0	0	1	0	7	0	0	0	0	0	0	0	0	0	0	0	40	237	0	0	0	1	0	0
fsh-generated/resources/StructureDefinition-fr-cda-related-entity.json	4548	1	0	6	0	0	0	0	0	11	0	0	0	0	0	0	0	0	0	0	0	72	284	0	0	0	2	0	0
fsh-generated/resources/StructureDefinition-fr-cda-rencontre.json	12432	2	0	16	0	0	0	0	0	87	0	0	0	0	0	0	0	1	0	0	1	202	580	0	0	0	7	0	0
fsh-generated/resources/StructureDefinition-fr-cda-represented-custodian-organization.json	4238	1	0	6	0	0	0	0	0	16	0	0	0	0	0	0	0	0	0	0	0	60	269	0	0	0	2	0	0
fsh-generated/resources/StructureDefinition-fr-cda-represented-organization.json	4415	1	0	7	0	0	0	0	0	18	0	0	0	0	0	0	0	0	0	0	1	67	277	0	0	0	2	0	0
fsh-generated/resources/StructureDefinition-fr-cda-resultat-examens-de-biologie-element-clinique-pertinent.json	18175	2	0	29	0	0	0	0	0	87	0	0	1	0	0	0	0	1	0	0	0	350	1092	0	0	0	13	0	1
fsh-generated/resources/StructureDefinition-fr-cda-resultat.json	7995	2	0	23	0	0	0	0	0	35	0	0	0	0	0	0	0	0	0	0	1	157	512	0	1	0	5	0	0
fsh-generated/resources/StructureDefinition-fr-cda-resultats-de-biologie-de-seconde-intention.json	6176	1	0	16	0	0	0	0	0	17	0	0	0	0	0	0	0	1	0	0	0	107	429	0	0	0	4	0	0
fsh-generated/resources/StructureDefinition-fr-cda-resultats-evenements.json	6590	1	0	17	0	0	0	0	0	21	0	0	0	0	0	0	0	0	0	0	0	130	445	0	0	0	4	0	1
fsh-generated/resources/StructureDefinition-fr-cda-resultats-examens-de-biologie-medicale.json	14961	2	0	28	0	0	0	0	0	44	0	0	0	0	0	0	0	1	0	0	1	280	904	0	0	0	9	0	0
fsh-generated/resources/StructureDefinition-fr-cda-resultats-examens-non-code.json	4383	1	0	12	0	0	0	0	0	14	0	0	0	0	0	0	0	0	0	0	0	85	383	0	0	0	3	0	0
fsh-generated/resources/StructureDefinition-fr-cda-resultats-examens.json	7042	1	0	19	0	0	0	0	0	21	0	0	1	0	0	0	0	1	0	0	0	140	500	0	0	0	5	0	1
fsh-generated/resources/StructureDefinition-fr-cda-resultats.json	5771	2	0	12	0	0	0	0	0	15	0	0	0	0	0	0	0	0	0	0	1	83	351	0	0	0	3	1	0
fsh-generated/resources/StructureDefinition-fr-cda-section-antecedents-familiaux.json	5902	1	0	15	0	0	0	0	0	17	0	0	0	0	0	0	0	0	0	0	0	116	413	0	0	0	4	0	0
fsh-generated/resources/StructureDefinition-fr-cda-section-habitus-mode-de-vie.json	5918	1	0	16	0	0	0	0	0	19	0	0	0	0	0	0	0	1	0	0	0	115	576	0	0	0	4	0	0
fsh-generated/resources/StructureDefinition-fr-cda-section-resultats.json	4462	1	0	13	0	0	0	0	0	15	0	0	0	0	0	0	0	0	0	0	0	87	401	0	0	0	3	0	0
fsh-generated/resources/StructureDefinition-fr-cda-section-signes-vitaux.json	5933	1	0	23	0	0	0	0	0	17	0	0	0	0	0	0	0	0	0	0	1	116	413	0	0	0	4	0	0
fsh-generated/resources/StructureDefinition-fr-cda-service-event.json	8275	2	0	157	0	0	0	0	0	23	0	0	0	0	0	0	0	1	0	0	0	144	436	0	0	0	5	0	1
fsh-generated/resources/StructureDefinition-fr-cda-severite.json	5794	1	0	14	0	0	0	0	0	20	0	0	0	0	0	0	0	0	0	0	0	120	498	0	0	0	4	0	0
fsh-generated/resources/StructureDefinition-fr-cda-signe-vital-observe.json	8709	1	0	19	0	0	0	0	0	22	0	0	0	0	0	0	0	1	0	0	1	142	464	0	0	0	5	0	0
fsh-generated/resources/StructureDefinition-fr-cda-signes-vitaux.json	7092	2	0	13	0	0	0	0	0	20	0	0	1	0	0	0	0	0	0	0	0	127	434	0	0	0	5	0	0
fsh-generated/resources/StructureDefinition-fr-cda-simple-observation.json	8295	1	0	15	0	0	0	0	0	23	0	0	0	0	0	0	0	0	0	0	1	135	463	0	0	0	5	0	1
fsh-generated/resources/StructureDefinition-fr-cda-statut-clinique-du-patient.json	6402	1	0	14	1	0	0	0	0	20	0	0	0	0	0	0	0	1	0	0	0	123	501	0	0	0	4	0	0
fsh-generated/resources/StructureDefinition-fr-cda-statut-document.json	7154	2	0	26	0	0	0	0	0	21	0	0	0	0	0	0	0	0	0	0	1	128	456	0	0	0	5	0	0
fsh-generated/resources/StructureDefinition-fr-cda-statut-du-document.json	4627	1	0	15	0	0	0	0	0	14	0	0	0	0	0	0	0	0	0	0	0	87	380	0	0	0	3	0	0
fsh-generated/resources/StructureDefinition-fr-cda-statut-du-probleme.json	7106	1	0	15	0	0	0	0	0	20	0	0	0	0	0	0	0	1	0	0	0	132	452	0	1	0	4	0	0
fsh-generated/resources/StructureDefinition-fr-cda-statut-fonctionnel.json	6246	1	0	12	0	0	0	0	0	18	0	0	0	0	0	0	0	0	0	0	0	105	396	0	0	0	4	0	1
fsh-generated/resources/StructureDefinition-fr-cda-statut.json	9028	2	0	16	0	0	0	0	0	24	0	0	0	0	0	0	0	1	0	0	1	161	1103	0	0	0	6	0	0
fsh-generated/resources/StructureDefinition-fr-cda-sujet-non-humain.json	4430	1	0	6	0	0	0	0	0	11	0	0	1	0	0	0	0	0	0	0	0	78	363	0	0	0	2	0	0
fsh-generated/resources/StructureDefinition-fr-cda-sujet-personne.json	3238	1	0	3	0	0	0	0	0	8	0	0	0	0	0	0	0	0	0	0	1	47	278	0	0	0	2	0	0
fsh-generated/resources/StructureDefinition-fr-cda-sujet.json	5666	1	0	5	0	0	0	0	0	12	0	0	0	0	0	0	0	0	0	0	0	87	363	0	0	0	3	0	0
fsh-generated/resources/StructureDefinition-fr-cda-synthese-medicale-sejour.json	6916	2	0	17	0	0	0	0	0	17	0	0	0	0	0	0	0	1	0	0	0	129	504	0	0	0	5	0	0
fsh-generated/resources/StructureDefinition-fr-cda-traitement-dispense.json	11830	1	0	23	0	0	0	0	0	35	0	0	0	0	0	0	0	0	0	0	1	231	680	0	0	0	7	1	1
fsh-generated/resources/StructureDefinition-fr-cda-traitement-prescrit-subordonne.json	10577	2	0	10	0	0	0	0	0	19	0	0	0	0	0	0	0	1	0	0	1	148	563	0	0	0	6	0	0
fsh-generated/resources/StructureDefinition-fr-cda-traitement-prescrit.json	45222	3	0	63	0	0	0	0	0	92	0	0	0	0	0	0	0	2	0	0	2	757	2215	0	0	0	26	0	1
fsh-generated/resources/StructureDefinition-fr-cda-traitement-subordonne.json	11727	2	0	14	0	0	0	0	0	21	0	0	1	0	0	0	0	1	0	0	0	159	587	0	0	0	6	0	0
fsh-generated/resources/StructureDefinition-fr-cda-traitement.json	34428	2	0	26	0	0	0	0	0	159	0	0	0	0	0	0	0	1	0	0	2	675	1572	0	0	0	20	0	1
fsh-generated/resources/StructureDefinition-fr-cda-traitements-a-la-sortie.json	5140	1	0	9	0	0	0	0	0	14	0	0	0	0	0	0	0	0	0	0	0	98	394	0	0	0	4	0	0
fsh-generated/resources/StructureDefinition-fr-cda-traitements-administres.json	5039	2	0	12	0	0	0	0	0	13	0	0	0	0	0	0	0	1	0	0	0	99	410	0	0	0	3	0	0
fsh-generated/resources/StructureDefinition-fr-cda-traitements.json	5362	1	0	14	0	0	0	0	0	15	0	0	0	0	0	0	0	0	0	0	1	108	409	0	0	0	4	0	1
fsh-generated/resources/StructureDefinition-fr-cda-transfusion-de-produits-sanguins.json	6898	1	0	16	0	0	0	0	0	18	0	0	0	0	0	0	0	0	0	0	0	129	503	0	0	0	4	0	0
fsh-generated/resources/StructureDefinition-fr-cda-transport-du-patient.json	7679	1	0	11	0	0	0	0	0	19	0	0	0	0	0	0	0	1	0	0	0	127	477	0	0	0	5	1	0
fsh-generated/resources/StructureDefinition-fr-cda-transport-du-professionnel.json	8773	2	0	13	0	0	0	0	0	21	0	0	0	0	0	0	0	0	0	0	1	149	529	0	0	0	6	0	0
fsh-generated/resources/StructureDefinition-fr-cda-type-document-attache.json	8772	1	0	15	0	0	0	0	0	22	0	0	0	0	0	0	0	1	0	0	0	158	583	0	0	0	6	0	0
fsh-generated/resources/StructureDefinition-fr-cda-vaccin-recommande.json	11935	2	0	18	1	0	0	0	0	27	0	0	0	0	0	0	0	0	0	0	1	201	709	0	1	0	7	0	1
fsh-generated/resources/StructureDefinition-fr-cda-vaccination.json	16211	2	0	32	0	0	0	0	0	34	0	0	0	0	0	0	0	1	0	0	1	254	844	0	0	0	10	0	0
fsh-generated/resources/StructureDefinition-fr-cda-vaccinations.json	5434	1	0	15	0	0	0	0	0	14	0	0	0	0	0	0	0	0	0	0	0	107	407	0	0	0	3	0	0
fsh-generated/resources/StructureDefinition-fr-comparison-studies-extension.json	1535	1	0	8	0	0	0	0	0	6	0	0	0	0	0	0	0	0	0	0	0	31	281	0	0	0	1	0	0
fsh-generated/resources/StructureDefinition-fr-composition-document.json	21790	2	0	43	0	0	0	0	1	85	0	0	1	0	0	0	0	2	0	0	1	581	1563	0	0	0	21	0	1
fsh-generated/resources/StructureDefinition-fr-condition-document.json	7250	1	0	24	0	0	0	0	0	22	0	0	0	0	0	0	0	1	0	0	0	160	2906	0	0	0	6	0	0
fsh-generated/resources/StructureDefinition-fr-device-auteur-document.json	1623	2	0	13	0	0	0	0	0	11	0	0	0	0	0	0	0	0	0	0	0	101	456	0	0	0	4	0	1
fsh-generated/resources/StructureDefinition-fr-device-request-document.json	7056	2	0	24	0	0	0	0	0	21	0	0	0	0	0	0	0	1	0	0	1	157	577	0	0	0	6	0	0
fsh-generated/resources/StructureDefinition-fr-device-use-statement-document.json	5931	2	0	17	0	0	0	0	0	16	0	0	0	0	0	0	0	0	0	0	0	119	461	0	0	0	4	0	0
fsh-generated/resources/StructureDefinition-fr-diagnostic-report-bio-chapter-document.json	5337	2	0	36	0	0	0	0	0	19	0	0	0	0	0	0	0	1	0	0	0	141	581	0	0	0	6	1	0
fsh-generated/resources/StructureDefinition-fr-diagnostic-report-document.json	6443	1	0	1	0	0	0	0	0	21	0	0	0	0	0	0	0	0	0	0	0	143	527	0	0	0	5	0	1
fsh-generated/resources/StructureDefinition-fr-diagnostic-report-imaging-document.json	8780	1	0	21	0	0	0	0	0	23	0	0	0	0	0	0	0	1	0	0	1	174	617	0	0	0	7	0	0
fsh-generated/resources/StructureDefinition-fr-dispositifs-medicaux.json	5467	2	0	15	0	0	0	0	0	15	0	0	1	0	0	0	0	0	0	1	0	105	413	0	0	0	4	0	0
fsh-generated/resources/StructureDefinition-fr-document-reference-document.json	2318	0	0	18	0	0	0	0	1	13	0	0	0	0	0	0	0	1	0	0	0	117	436	0	0	0	4	0	0
fsh-generated/resources/StructureDefinition-fr-encounter-care-document.json	3856	1	0	23	0	0	0	0	0	20	0	0	0	0	0	0	0	1	0	0	1	191	797	0	0	0	7	0	1
fsh-generated/resources/StructureDefinition-fr-encounter-document.json	7679	2	0	44	0	0	0	0	0	34	0	0	0	0	0	0	0	1	0	0	0	283	898	0	1	0	11	0	0
fsh-generated/resources/StructureDefinition-fr-endpoint-wado-document.json	1713	1	0	12	0	0	0	0	0	9	0	0	0	0	0	0	0	0	0	0	0	66	343	0	0	0	2	0	0
fsh-generated/resources/StructureDefinition-fr-family-member-history-body-site-extension.json	1732	0	0	5	0	0	0	0	0	5	0	0	0	0	0	0	0	0	0	0	0	31	248	0	0	0	1	0	1
fsh-generated/resources/StructureDefinition-fr-family-member-history-document.json	6744	2	0	20	0	0	0	0	0	20	0	0	0	0	0	0	0	1	0	0	1	140	509	0	0	0	5	0	0
fsh-generated/resources/StructureDefinition-fr-human-name-document.json	1307	0	0	5	0	0	0	0	0	6	0	0	0	0	0	0	0	0	0	0	0	38	257	0	0	0	1	0	0
fsh-generated/resources/StructureDefinition-fr-imaging-procedure-extension.json	1565	1	0	4	0	0	0	0	0	5	0	0	0	0	0	0	0	0	0	0	0	30	278	0	0	0	1	0	0
fsh-generated/resources/StructureDefinition-fr-imaging-study-document.json	7238	2	0	25	1	0	0	0	0	18	0	0	0	0	0	0	0	0	0	0	0	149	571	0	0	0	6	0	0
fsh-generated/resources/StructureDefinition-fr-immunization-document.json	9828	1	0	30	0	0	0	0	0	32	0	0	0	0	0	0	0	1	0	0	1	231	716	0	0	0	9	0	0
fsh-generated/resources/StructureDefinition-fr-immunization-recommendation-document.json	5869	1	0	18	0	0	0	0	0	21	0	0	0	0	0	0	0	0	0	0	0	129	495	0	0	0	5	0	1
fsh-generated/resources/StructureDefinition-fr-immunization-type-extension.json	1690	1	0	5	0	0	0	0	0	6	0	0	0	0	0	0	0	0	0	0	0	31	235	0	0	0	1	0	0
fsh-generated/resources/StructureDefinition-fr-interpretation-extension.json	1692	1	0	4	0	0	0	0	0	5	0	0	0	0	0	0	0	0	0	0	0	30	236	0	0	0	1	0	0
fsh-generated/resources/StructureDefinition-fr-lm-addendum.json	1494	1	0	9	0	0	0	0	0	5	0	0	0	0	0	0	0	1	0	0	0	30	262	0	0	0	1	0	0
fsh-generated/resources/StructureDefinition-fr-lm-admission-evaluation.json	3373	1	0	5	0	0	0	0	0	118	0	0	0	0	0	0	0	0	0	0	0	45	918	0	0	0	1	0	0
fsh-generated/resources/StructureDefinition-fr-lm-advance-directive.json	3226	1	0	11	0	0	0	0	0	22	0	0	0	0	0	0	0	0	0	0	1	43	287	0	0	0	1	1	0
fsh-generated/resources/StructureDefinition-fr-lm-advance-directives.json	1983	1	0	4	0	0	0	0	0	6	0	0	0	0	0	0	0	0	0	0	0	33	248	0	0	0	1	0	0
fsh-generated/resources/StructureDefinition-fr-lm-adverse-drug-reaction.json	4651	1	0	6	0	0	0	0	0	9	0	0	0	0	0	0	0	0	0	0	0	48	297	0	0	0	1	0	0
fsh-generated/resources/StructureDefinition-fr-lm-alert.json	3140	1	0	5	0	0	0	0	0	9	0	0	0	0	0	0	0	0	0	0	1	42	292	0	0	0	2	0	0
fsh-generated/resources/StructureDefinition-fr-lm-alerts.json	1760	0	0	4	0	0	0	0	0	6	0	0	0	0	0	0	0	0	0	0	0	32	263	0	0	0	0	0	0
fsh-generated/resources/StructureDefinition-fr-lm-allergies-and-intolerances.json	2338	1	0	4	0	0	0	0	0	6	0	0	0	0	0	0	0	0	0	0	0	33	250	0	0	0	1	0	0
fsh-generated/resources/StructureDefinition-fr-lm-allergy-intolerance.json	9319	2	0	13	0	0	0	0	0	16	0	0	0	0	0	0	0	0	0	0	1	94	434	0	0	0	4	0	0
fsh-generated/resources/StructureDefinition-fr-lm-attachment.json	3179	1	0	6	0	0	0	0	0	8	0	0	1	0	0	0	0	0	0	0	0	41	282	0	0	0	1	0	0
fsh-generated/resources/StructureDefinition-fr-lm-attachments.json	2249	1	0	5	0	0	0	0	0	5	0	0	0	0	0	0	0	1	0	0	0	33	243	0	0	0	1	0	0
fsh-generated/resources/StructureDefinition-fr-lm-attester.json	2321	0	0	3	0	0	0	0	0	5	0	0	0	0	0	0	0	0	0	0	0	28	223	0	0	0	0	0	0
fsh-generated/resources/StructureDefinition-fr-lm-batterie-examens-biologie-medicale.json	4361	1	0	6	1	0	0	0	0	6	0	0	0	0	0	0	0	0	0	0	1	44	279	0	0	0	2	0	0
fsh-generated/resources/StructureDefinition-fr-lm-body-structure.json	3007	1	0	4	0	0	0	0	0	5	0	0	0	0	0	0	0	0	0	0	0	32	236	0	0	0	1	0	0
fsh-generated/resources/StructureDefinition-fr-lm-care-plan.json	2366	1	0	5	0	0	0	0	0	6	0	0	0	0	0	0	0	0	0	0	0	37	264	0	0	0	1	0	0
fsh-generated/resources/StructureDefinition-fr-lm-care-plans.json	1815	1	0	4	0	0	0	0	0	5	0	0	0	0	0	0	0	0	0	0	0	32	241	0	0	0	0	0	0
fsh-generated/resources/StructureDefinition-fr-lm-comparison-study.json	1653	1	0	4	0	0	0	0	0	5	0	0	0	0	0	0	0	0	0	0	0	30	234	0	0	0	1	0	0
fsh-generated/resources/StructureDefinition-fr-lm-conclusion.json	2175	1	0	4	0	0	0	0	0	6	0	0	0	0	0	0	0	0	0	0	0	38	244	0	0	0	1	0	0
fsh-generated/resources/StructureDefinition-fr-lm-condition.json	6586	1	0	9	0	0	0	0	0	13	0	0	0	0	0	0	0	0	0	0	1	73	353	0	0	0	3	0	1
fsh-generated/resources/StructureDefinition-fr-lm-consent.json	2101	1	0	3	0	0	0	0	0	4	0	0	0	0	0	0	0	0	0	0	0	26	228	0	0	0	0	0	0
fsh-generated/resources/StructureDefinition-fr-lm-corps-document.json	19306	2	0	9	0	0	0	0	0	19	0	0	0	0	0	0	0	0	0	0	1	132	334	0	0	0	5	0	0
fsh-generated/resources/StructureDefinition-fr-lm-course-of-encounter.json	5832	2	0	6	0	0	0	0	0	9	0	0	0	0	0	0	0	0	0	0	1	57	263	0	0	0	1	0	0
fsh-generated/resources/StructureDefinition-fr-lm-data-enterer.json	1967	2	0	3	0	0	0	0	0	6	0	0	0	0	0	0	0	0	0	0	0	28	225	0	0	0	1	0	0
fsh-generated/resources/StructureDefinition-fr-lm-device-use.json	5091	2	0	9	0	0	1	0	0	335	0	0	0	0	0	0	0	1	0	0	0	66	339	0	0	0	2	0	0
fsh-generated/resources/StructureDefinition-fr-lm-device.json	6112	2	0	5	0	0	0	0	0	9	0	0	0	0	0	0	0	0	0	0	1	55	255	0	1	0	2	0	0
fsh-generated/resources/StructureDefinition-fr-lm-dicom-medication-administration.json	5026	2	0	4	0	0	0	0	0	13	0	0	0	0	0	0	0	0	0	0	0	59	318	0	0	0	2	0	0
fsh-generated/resources/StructureDefinition-fr-lm-dicom-study-metadata.json	1972	2	0	3	0	0	0	0	0	8	0	0	0	0	0	0	0	0	0	0	0	32	235	0	0	0	1	0	0
fsh-generated/resources/StructureDefinition-fr-lm-dosageInstructions.json	17256	2	0	9	0	0	0	0	0	20	0	0	0	0	0	0	0	0	0	0	1	135	333	0	0	0	4	0	0
fsh-generated/resources/StructureDefinition-fr-lm-dose-number.json	3215	1	0	4	0	0	0	0	0	6	0	0	0	0	0	0	0	0	0	0	0	36	233	0	0	0	1	0	0
fsh-generated/resources/StructureDefinition-fr-lm-encounter-information.json	2376	1	0	7	1	0	0	0	0	6	0	0	0	0	0	0	0	0	0	0	1	35	242	0	0	0	1	0	0
fsh-generated/resources/StructureDefinition-fr-lm-encounter.json	11092	2	0	7	0	0	0	0	0	18	0	0	0	0	0	0	0	0	0	0	0	114	344	0	0	0	4	0	0
fsh-generated/resources/StructureDefinition-fr-lm-endpoint.json	1981	0	0	5	0	0	0	0	0	6	0	0	0	0	0	0	0	0	0	0	0	33	256	0	0	0	1	0	0
fsh-generated/resources/StructureDefinition-fr-lm-entry.json	7981	2	0	0	0	0	0	0	0	12	0	0	0	0	0	0	0	1	0	0	1	72	279	0	0	0	2	0	0
fsh-generated/resources/StructureDefinition-fr-lm-examination-report.json	3758	1	0	5	0	0	0	0	0	7	0	0	0	0	0	0	0	0	0	0	0	47	253	0	0	0	2	0	0
fsh-generated/resources/StructureDefinition-fr-lm-exposure-information.json	2573	1	0	3	0	0	0	0	0	5	0	0	0	0	0	0	0	0	0	0	1	29	231	0	0	0	0	0	0
fsh-generated/resources/StructureDefinition-fr-lm-family-medical-history.json	2042	0	0	4	0	0	0	0	0	4	0	0	0	0	0	0	0	0	0	0	0	30	234	0	0	0	1	0	0
fsh-generated/resources/StructureDefinition-fr-lm-family-member-history.json	4827	2	0	8	0	0	0	0	0	278	0	0	0	0	0	0	0	0	0	0	0	63	302	0	0	0	2	0	1
fsh-generated/resources/StructureDefinition-fr-lm-functional-status.json	1994	0	0	4	0	0	0	0	0	6	0	0	0	0	0	0	0	0	0	0	0	31	236	0	0	0	1	0	0
fsh-generated/resources/StructureDefinition-fr-lm-hazardous-working-conditions.json	1678	1	0	4	0	0	0	0	0	5	0	0	0	0	0	0	0	0	0	0	0	35	230	0	0	0	1	0	0
fsh-generated/resources/StructureDefinition-fr-lm-header-document.json	10152	2	0	6	0	0	0	0	0	12	0	0	0	0	0	0	0	0	0	0	1	84	274	0	0	0	2	0	0
fsh-generated/resources/StructureDefinition-fr-lm-health-professional.json	4500	1	0	3	0	0	0	0	0	6	0	0	0	0	0	0	0	0	0	0	0	41	237	0	0	0	2	0	0
fsh-generated/resources/StructureDefinition-fr-lm-history-of-past-illness.json	2157	1	0	4	0	0	0	0	0	5	0	0	0	0	0	0	0	0	0	0	0	32	236	0	0	0	0	0	0
fsh-generated/resources/StructureDefinition-fr-lm-hospital-discharge-medications.json	2178	0	0	4	0	0	0	0	0	4	0	0	0	0	0	0	0	0	0	0	1	32	234	0	0	0	1	0	0
fsh-generated/resources/StructureDefinition-fr-lm-human-name.json	3558	1	0	4	0	0	0	0	0	7	0	0	0	0	0	0	0	0	0	0	0	37	236	0	0	0	1	0	0
fsh-generated/resources/StructureDefinition-fr-lm-imaging-study.json	5464	1	0	6	0	0	0	0	0	8	0	0	0	0	0	0	0	0	0	0	0	56	287	0	0	0	2	0	0
fsh-generated/resources/StructureDefinition-fr-lm-immunisation.json	6623	2	0	9	0	0	0	0	0	15	0	0	0	0	0	0	0	1	0	0	1	72	356	0	0	0	2	0	0
fsh-generated/resources/StructureDefinition-fr-lm-immunisations.json	1863	0	0	3	1	0	0	0	0	5	0	0	0	0	0	0	0	0	0	0	0	32	232	0	0	0	1	0	0
fsh-generated/resources/StructureDefinition-fr-lm-informant.json	3422	1	0	4	0	0	0	0	0	5	0	0	0	0	0	0	0	0	0	0	0	36	235	0	0	0	1	0	0
fsh-generated/resources/StructureDefinition-fr-lm-intended-recipient.json	4901	1	0	3	0	0	0	0	0	6	0	0	0	0	0	0	0	0	0	0	0	37	236	0	0	0	1	0	0
fsh-generated/resources/StructureDefinition-fr-lm-isolat-microbiologique.json	6422	1	0	6	0	0	0	0	0	8	0	0	0	0	0	0	0	0	0	0	1	62	288	0	0	0	2	0	0
fsh-generated/resources/StructureDefinition-fr-lm-laboratoire-executant.json	1838	1	0	3	0	0	0	0	0	4	0	0	0	0	0	0	0	0	0	0	0	29	224	0	0	0	1	0	0
fsh-generated/resources/StructureDefinition-fr-lm-laboratory-observation.json	4436	1	0	15	0	0	0	0	0	8	0	0	0	0	0	0	0	0	0	0	0	63	339	0	0	0	2	0	0
fsh-generated/resources/StructureDefinition-fr-lm-legal-authentication.json	3277	1	0	3	0	0	0	0	0	5	0	0	0	0	0	0	0	0	0	0	1	35	235	0	0	0	1	0	0
fsh-generated/resources/StructureDefinition-fr-lm-location.json	3630	1	0	3	0	0	0	0	0	6	0	0	0	0	0	0	0	0	0	0	0	43	234	0	0	0	1	0	0
fsh-generated/resources/StructureDefinition-fr-lm-medical-device-prescriptions.json	2133	1	0	5	0	0	0	0	0	4	0	0	0	0	0	0	0	0	0	0	0	32	234	0	0	0	1	0	0
fsh-generated/resources/StructureDefinition-fr-lm-medical-devices-and-implants.json	2092	1	0	3	0	0	0	0	0	5	0	0	0	0	0	0	0	0	0	0	0	33	233	0	0	0	0	0	0
fsh-generated/resources/StructureDefinition-fr-lm-medication-administration.json	3248	1	0	5	0	0	0	0	0	6	0	0	0	0	0	0	0	0	0	0	1	50	270	0	0	0	2	0	0
fsh-generated/resources/StructureDefinition-fr-lm-medication-dispensations.json	2223	1	0	4	0	0	0	0	0	5	0	0	0	0	0	0	0	0	0	0	0	33	233	0	0	0	1	0	0
fsh-generated/resources/StructureDefinition-fr-lm-medication-dispense.json	5931	1	0	6	0	0	0	0	0	9	0	0	0	0	0	0	0	1	0	0	0	63	286	0	0	0	2	0	0
fsh-generated/resources/StructureDefinition-fr-lm-medication-prescription.json	2061	1	0	4	1	0	0	0	0	5	0	0	0	0	0	0	0	0	0	0	0	31	243	0	0	0	0	0	0
fsh-generated/resources/StructureDefinition-fr-lm-medication-summary.json	1965	1	0	4	0	0	0	0	0	4	0	0	0	0	0	0	0	0	0	0	0	33	232	0	0	0	1	0	0
fsh-generated/resources/StructureDefinition-fr-lm-medication.json	15928	1	0	8	0	0	0	0	0	23	0	0	1	0	0	0	0	0	0	0	2	139	359	0	0	0	5	0	1
fsh-generated/resources/StructureDefinition-fr-lm-micro-organism-search.json	1789	1	0	4	0	0	0	0	0	5	0	0	0	0	0	0	0	0	0	0	0	31	259	0	0	0	1	0	0
fsh-generated/resources/StructureDefinition-fr-lm-multidrug-resistant-microorganism-identification.json	2235	1	0	5	0	0	0	0	0	5	0	0	0	0	0	0	0	0	0	0	0	33	258	0	0	0	1	0	0
fsh-generated/resources/StructureDefinition-fr-lm-note.json	1350	1	0	4	0	0	0	0	0	4	0	0	0	0	0	0	0	0	0	0	0	27	229	0	0	0	1	0	0
fsh-generated/resources/StructureDefinition-fr-lm-observation-assessment.json	4792	1	0	5	0	0	0	0	0	9	0	0	0	0	0	0	0	0	0	0	1	56	285	0	0	0	2	0	0
fsh-generated/resources/StructureDefinition-fr-lm-observation-media.json	2696	1	0	7	0	0	0	0	0	11	0	0	0	0	0	0	0	0	0	0	0	48	324	0	0	0	1	0	0
fsh-generated/resources/StructureDefinition-fr-lm-observation-results.json	1945	1	0	4	0	0	0	0	0	6	0	0	0	0	0	0	0	0	0	0	0	33	234	0	0	0	1	0	0
fsh-generated/resources/StructureDefinition-fr-lm-observation-social-history.json	4008	1	0	5	0	0	0	0	0	8	0	0	0	0	0	0	0	0	0	0	0	49	273	0	0	0	1	0	0
fsh-generated/resources/StructureDefinition-fr-lm-observation-vital-sign.json	4438	1	0	6	0	0	0	0	0	8	0	0	0	0	0	0	0	1	0	0	1	54	286	0	0	0	2	0	0
fsh-generated/resources/StructureDefinition-fr-lm-observation.json	12992	1	0	0	0	0	0	0	0	23	0	0	0	0	0	0	0	0	0	0	1	289	378	0	0	0	5	0	0
fsh-generated/resources/StructureDefinition-fr-lm-order-information.json	1991	1	0	4	0	0	0	0	0	6	0	0	0	0	0	0	0	0	0	0	0	33	232	0	0	0	1	0	0
fsh-generated/resources/StructureDefinition-fr-lm-order.json	3392	1	0	3	0	0	0	0	0	6	0	0	0	0	0	0	0	0	0	0	0	44	242	0	0	0	1	0	0
fsh-generated/resources/StructureDefinition-fr-lm-organisation.json	3970	1	0	4	0	0	0	0	0	10	0	0	0	0	0	0	0	0	0	0	0	38	239	0	0	0	1	0	0
fsh-generated/resources/StructureDefinition-fr-lm-participant.json	5015	1	0	4	0	0	0	0	0	10	0	0	0	0	0	0	0	0	0	0	1	44	244	0	0	0	2	0	0
fsh-generated/resources/StructureDefinition-fr-lm-patient-education.json	2636	1	0	4	0	0	0	0	0	5	0	0	0	0	0	0	0	0	0	0	0	36	240	0	0	0	1	0	0
fsh-generated/resources/StructureDefinition-fr-lm-patient-history.json	1914	1	0	4	1	0	0	0	0	5	0	0	0	0	0	0	0	0	0	0	0	32	233	0	0	0	0	1	0
fsh-generated/resources/StructureDefinition-fr-lm-patient-story.json	1856	1	0	3	0	0	0	0	0	5	0	0	0	0	0	0	0	0	0	0	0	32	235	0	0	0	1	0	0
fsh-generated/resources/StructureDefinition-fr-lm-patient-transfer.json	1756	0	0	5	0	0	0	0	0	5	0	0	0	0	0	0	0	0	0	0	0	37	259	0	0	0	1	0	0
fsh-generated/resources/StructureDefinition-fr-lm-patient.json	7539	2	0	4	0	0	0	0	0	9	0	0	0	0	0	0	0	0	0	0	1	68	282	0	0	0	3	0	0
fsh-generated/resources/StructureDefinition-fr-lm-predictable-adverse-drug-reaction.json	2337	0	0	4	0	0	0	0	0	5	0	0	0	0	0	0	0	0	0	0	0	33	238	0	0	0	0	0	0
fsh-generated/resources/StructureDefinition-fr-lm-pregnancy-history.json	8342	2	0	7	0	0	0	0	0	15	0	0	0	0	0	0	0	1	0	0	1	107	326	0	0	0	4	0	0
fsh-generated/resources/StructureDefinition-fr-lm-pregnancy-observation.json	11775	1	0	8	0	0	0	0	0	21	0	0	0	0	0	0	0	0	0	0	0	132	361	0	0	0	4	0	1
fsh-generated/resources/StructureDefinition-fr-lm-pregnancy-status.json	7161	2	0	127	0	0	0	0	0	14	0	0	0	0	0	0	0	0	0	0	1	84	317	0	0	0	3	0	0
fsh-generated/resources/StructureDefinition-fr-lm-prescription-entree.json	2531	0	0	6	0	0	0	0	0	6	0	0	0	0	0	0	0	0	0	0	0	37	275	0	0	0	1	0	0
fsh-generated/resources/StructureDefinition-fr-lm-prescription-item.json	11682	2	0	9	0	0	0	0	0	81	0	0	0	0	0	0	0	0	0	0	1	119	347	0	1	0	4	0	0
fsh-generated/resources/StructureDefinition-fr-lm-presented-form.json	2038	1	0	5	0	0	0	0	0	6	0	0	0	0	0	0	0	0	0	0	0	33	230	0	0	0	1	0	0
fsh-generated/resources/StructureDefinition-fr-lm-problems.json	1768	1	0	5	0	0	0	0	0	5	0	0	0	0	0	0	0	0	0	0	0	32	231	0	0	0	8	0	0
fsh-generated/resources/StructureDefinition-fr-lm-procedure.json	8194	1	0	10	0	0	0	0	0	14	0	0	0	0	0	0	0	0	0	0	1	89	369	0	0	0	3	0	0
fsh-generated/resources/StructureDefinition-fr-lm-procedures.json	1814	1	0	5	0	0	0	0	0	5	0	0	0	0	0	0	0	1	0	0	0	32	234	0	0	0	1	0	0
fsh-generated/resources/StructureDefinition-fr-lm-qr-code.json	1723	1	0	5	0	0	0	0	0	4	0	0	0	0	0	0	0	0	0	0	0	29	230	0	0	0	1	0	0
fsh-generated/resources/StructureDefinition-fr-lm-quantity-exposure.json	2808	1	0	5	0	0	0	0	0	6	0	0	0	0	0	0	0	0	0	0	0	41	260	0	0	0	1	0	0
fsh-generated/resources/StructureDefinition-fr-lm-reason-for-referral.json	2386	0	0	5	0	0	0	0	0	5	0	0	0	0	0	0	0	0	0	0	0	34	234	0	0	0	1	0	0
fsh-generated/resources/StructureDefinition-fr-lm-recommendation.json	1916	1	0	4	1	0	0	0	0	4	0	0	0	0	0	0	0	0	0	0	1	31	229	0	0	0	1	0	0
fsh-generated/resources/StructureDefinition-fr-lm-related-person.json	8150	1	0	13	0	0	0	0	0	11	0	0	0	0	0	0	0	0	0	0	0	85	304	0	0	0	3	0	0
fsh-generated/resources/StructureDefinition-fr-lm-result-data.json	1933	1	0	4	0	0	0	0	0	5	0	0	0	0	0	0	0	0	0	0	0	31	240	0	0	0	0	0	0
fsh-generated/resources/StructureDefinition-fr-lm-resultat-examens-biologie-element-clinique-pertinent.json	6828	1	0	7	0	0	0	0	0	9	0	0	0	0	0	0	0	0	0	0	1	69	299	0	0	0	3	0	0
fsh-generated/resources/StructureDefinition-fr-lm-resultats-examens-biologie-medicale.json	5215	1	0	6	0	0	0	0	0	7	0	0	0	0	0	0	0	0	0	0	0	54	292	0	0	0	1	0	0
fsh-generated/resources/StructureDefinition-fr-lm-section-pregnancy-history.json	2920	1	0	4	0	0	0	0	0	5	0	0	0	0	0	0	0	0	0	0	0	39	245	0	0	0	1	0	0
fsh-generated/resources/StructureDefinition-fr-lm-section-travel-history.json	2324	1	0	4	0	0	0	0	0	5	0	0	0	0	0	0	0	0	0	0	0	35	232	0	0	0	1	0	0
fsh-generated/resources/StructureDefinition-fr-lm-section.json	4571	1	0	0	0	0	0	0	0	6	0	0	0	0	0	0	0	0	0	0	1	45	236	0	0	0	2	0	0
fsh-generated/resources/StructureDefinition-fr-lm-series.json	4563	1	0	6	0	0	0	0	0	7	0	0	0	0	0	0	0	1	0	0	0	49	278	0	0	0	1	0	0
fsh-generated/resources/StructureDefinition-fr-lm-service-request.json	6289	1	0	6	0	0	0	0	0	11	0	0	0	0	0	0	0	0	0	0	0	80	299	0	0	0	2	0	1
fsh-generated/resources/StructureDefinition-fr-lm-social-history.json	1952	1	0	3	0	0	0	0	0	4	0	0	0	0	0	0	0	0	0	0	1	33	251	0	0	0	1	0	0
fsh-generated/resources/StructureDefinition-fr-lm-sop-instance.json	2404	1	0	5	0	0	0	0	0	6	0	0	0	0	0	0	0	0	0	0	0	37	280	0	0	0	1	0	0
fsh-generated/resources/StructureDefinition-fr-lm-specimen.json	10414	1	0	8	0	0	0	0	0	17	0	0	0	0	0	0	0	0	0	0	0	110	333	0	0	0	4	0	0
fsh-generated/resources/StructureDefinition-fr-lm-supporting-information.json	5702	2	0	5	0	0	0	0	0	8	0	0	0	0	0	0	0	0	0	0	1	58	255	0	0	0	2	0	0
fsh-generated/resources/StructureDefinition-fr-lm-technique-imagerie.json	4124	1	0	7	1	0	0	0	0	12	0	0	0	0	0	0	0	0	0	0	0	58	309	0	0	0	2	0	0
fsh-generated/resources/StructureDefinition-fr-lm-transfusion-accidents.json	1855	1	0	5	0	0	0	0	0	4	0	0	0	0	0	0	0	0	0	0	0	31	251	0	0	0	0	0	0
fsh-generated/resources/StructureDefinition-fr-lm-transfusion-de-produits-sanguins.json	1964	0	0	4	0	0	0	0	0	4	0	0	0	0	0	0	0	0	0	0	0	31	251	0	0	0	1	0	0
fsh-generated/resources/StructureDefinition-fr-lm-travel-history.json	1800	1	0	5	0	0	0	0	0	4	0	0	0	0	0	0	0	0	0	0	1	31	252	0	0	0	1	0	0
fsh-generated/resources/StructureDefinition-fr-lm-vital-signs.json	1866	1	0	2	0	0	0	0	0	5	0	0	0	0	0	0	0	1	0	0	0	31	229	0	0	0	1	0	0
fsh-generated/resources/StructureDefinition-fr-location-document.json	2439	1	0	9	0	0	0	0	0	15	0	0	1	0	0	0	0	0	0	0	0	139	487	0	0	0	5	0	0
fsh-generated/resources/StructureDefinition-fr-media-document.json	9497	1	0	34	0	0	0	0	1	30	0	0	0	0	0	0	0	1	0	0	0	252	748	0	0	0	10	0	1
fsh-generated/resources/StructureDefinition-fr-medication-administration-document.json	7713	2	0	20	0	0	0	0	0	19	0	0	0	0	0	0	0	0	0	0	1	141	522	0	0	0	5	0	0
fsh-generated/resources/StructureDefinition-fr-medication-administration-sequence-extension.json	1992	1	0	4	0	0	0	0	0	6	0	0	0	0	0	0	0	1	0	0	0	31	237	0	0	0	1	0	0
fsh-generated/resources/StructureDefinition-fr-medication-dispense-document.json	4647	2	0	24	0	0	0	0	0	18	0	0	0	0	0	0	0	0	0	0	0	161	580	0	0	0	6	0	0
fsh-generated/resources/StructureDefinition-fr-medication-document.json	5601	2	0	17	0	0	0	0	0	300	0	0	0	0	0	0	0	0	0	0	0	129	431	0	0	0	5	0	1
fsh-generated/resources/StructureDefinition-fr-medication-request-document.json	19867	2	0	45	0	0	0	0	0	54	0	0	0	0	0	0	0	2	0	0	1	404	1030	0	1	0	15	1	0
fsh-generated/resources/StructureDefinition-fr-medication-statement-document.json	7787	1	0	19	0	0	0	0	0	22	0	0	0	0	0	0	0	0	0	0	0	163	542	0	0	0	6	0	0
fsh-generated/resources/StructureDefinition-fr-method-extension.json	2021	1	0	4	0	0	0	0	0	5	0	0	0	0	0	0	0	0	0	0	0	31	239	0	0	0	2	0	0
fsh-generated/resources/StructureDefinition-fr-not-covered-extension.json	1821	1	0	4	1	0	0	0	0	6	0	0	0	0	0	0	0	0	0	0	0	34	237	0	0	0	1	0	0
fsh-generated/resources/StructureDefinition-fr-number-of-frames-extension.json	1590	1	0	3	0	0	0	0	0	4	0	0	0	0	0	0	0	0	0	0	0	29	235	0	0	0	0	0	0
fsh-generated/resources/StructureDefinition-fr-observation-administration-blood-derivatives-document.json	5885	1	0	22	0	0	0	0	0	19	0	0	0	0	0	0	0	1	0	0	1	174	937	0	0	0	7	0	1
fsh-generated/resources/StructureDefinition-fr-observation-birth-event-document.json	3104	1	0	18	0	0	0	0	0	12	0	0	0	0	0	0	0	0	0	0	0	120	482	0	0	0	5	0	0
fsh-generated/resources/StructureDefinition-fr-observation-blood-product-transfusion-document.json	5805	2	0	23	0	0	0	0	0	20	0	0	1	0	0	0	0	1	0	0	0	315	590	0	0	0	8	0	0
fsh-generated/resources/StructureDefinition-fr-observation-contra-indications-document.json	6192	1	0	27	0	0	0	0	1	21	0	0	0	0	0	0	0	0	0	0	1	196	1352	0	0	0	8	0	1
fsh-generated/resources/StructureDefinition-fr-observation-laboratory-report-results-document.json	15841	2	0	47	0	0	0	0	0	51	0	0	0	0	0	0	0	2	0	0	0	412	2240	0	0	0	16	0	0
fsh-generated/resources/StructureDefinition-fr-observation-medical-summary-document.json	5765	2	0	24	0	0	0	1	0	21	0	0	0	0	0	0	0	0	0	0	1	319	592	0	1	0	7	0	0
fsh-generated/resources/StructureDefinition-fr-observation-microorganism-detection-document.json	5894	1	0	23	0	0	0	0	0	20	0	0	0	0	0	0	0	1	0	0	0	171	582	0	0	0	7	0	1
fsh-generated/resources/StructureDefinition-fr-observation-multiresistant-microorganism-document.json	5905	1	0	24	0	0	0	0	0	79	0	0	0	0	0	0	0	0	0	0	0	172	583	0	0	0	7	0	0
fsh-generated/resources/StructureDefinition-fr-observation-pain-score-document.json	3620	1	0	22	1	0	0	0	0	15	0	0	0	0	0	0	0	0	0	0	0	142	486	0	0	0	6	0	0
fsh-generated/resources/StructureDefinition-fr-observation-pregnancy-document.json	6275	1	0	24	0	0	0	0	0	20	0	0	0	0	0	0	0	0	0	0	1	167	686	0	0	0	7	0	1
fsh-generated/resources/StructureDefinition-fr-observation-pregnancy-history-document.json	2622	1	0	20	0	0	0	0	0	14	0	0	0	0	0	0	0	1	0	0	0	130	505	0	0	0	6	0	0
fsh-generated/resources/StructureDefinition-fr-observation-radiation-exposure-document.json	8774	2	0	27	0	0	0	0	0	27	0	0	0	0	0	0	0	0	0	0	0	219	671	0	0	0	9	0	0
fsh-generated/resources/StructureDefinition-fr-observation-result-document.json	6361	1	0	22	0	0	0	0	0	21	0	0	0	0	0	0	0	0	0	0	1	179	585	0	0	0	7	0	0
fsh-generated/resources/StructureDefinition-fr-observation-social-history-document.json	3086	1	0	18	0	0	0	0	1	15	0	0	0	0	0	0	0	1	0	0	0	123	564	0	0	0	5	0	1
fsh-generated/resources/StructureDefinition-fr-observation-survey-document.json	10399	2	0	39	0	0	0	0	0	39	0	0	1	0	0	0	0	0	0	0	0	313	1292	0	0	0	12	1	0
fsh-generated/resources/StructureDefinition-fr-observation-survey-pannel-document.json	2308	1	0	20	0	0	0	0	0	11	0	0	0	0	0	0	0	0	0	0	1	109	471	0	0	0	4	0	0
fsh-generated/resources/StructureDefinition-fr-observation-transfusion-accidents-document.json	5789	1	0	24	0	0	0	0	0	19	0	0	0	0	0	0	0	1	0	0	0	171	565	0	1	0	7	0	1
fsh-generated/resources/StructureDefinition-fr-observation-vital-signs-document.json	4742	1	0	23	0	0	0	0	0	19	0	0	0	0	0	0	0	0	0	0	0	171	1085	0	0	0	8	0	0
fsh-generated/resources/StructureDefinition-fr-observation-vital-signs-panel-document.json	3440	1	0	25	1	0	0	0	0	16	0	0	0	0	0	0	0	0	0	0	0	172	660	0	0	0	7	0	0
fsh-generated/resources/StructureDefinition-fr-observation-work-related-accident-document.json	5900	2	0	24	0	0	0	0	0	19	0	0	0	0	0	0	0	1	0	0	1	172	567	0	0	0	8	0	1
fsh-generated/resources/StructureDefinition-fr-organization-document.json	1360	1	0	42	0	0	0	0	0	23	0	0	0	0	0	0	0	1	0	0	0	285	1134	0	0	0	9	0	0
fsh-generated/resources/StructureDefinition-fr-patient-document.json	663	0	0	28	0	0	0	0	0	16	0	0	0	0	0	0	0	0	0	0	0	183	805	0	0	0	7	0	1
fsh-generated/resources/StructureDefinition-fr-patient-history-extension.json	2125	1	0	5	0	0	0	0	0	5	0	0	0	0	0	0	0	0	0	0	0	32	249	0	0	0	1	0	0
fsh-generated/resources/StructureDefinition-fr-patient-ins-document.json	2407	1	0	20	0	0	0	0	0	22	0	0	0	0	0	0	0	1	0	0	0	252	1010	0	0	0	9	0	1
fsh-generated/resources/StructureDefinition-fr-performer-event-extension.json	2117	1	0	3	0	0	0	0	0	8	0	0	0	0	0	0	0	0	0	0	1	49	285	0	0	0	1	0	0
fsh-generated/resources/StructureDefinition-fr-practitioner-document.json	2538	1	0	45	0	0	0	0	0	29	0	0	1	0	0	0	0	1	0	0	0	337	1582	0	0	0	11	1	1
fsh-generated/resources/StructureDefinition-fr-practitionerRole-document.json	3088	1	0	23	0	0	0	0	0	18	0	0	0	0	0	0	0	0	0	0	0	177	734	0	0	0	6	0	0
fsh-generated/resources/StructureDefinition-fr-pregnancy-history-document.json	2133	1	0	13	0	0	0	0	0	11	0	0	0	0	0	0	0	0	0	0	0	79	385	0	0	0	3	0	0
fsh-generated/resources/StructureDefinition-fr-procedure-difficulty-extension.json	1669	1	0	5	0	0	0	0	0	5	0	0	0	0	0	0	0	0	0	0	0	31	243	0	0	0	1	0	0
fsh-generated/resources/StructureDefinition-fr-procedure-document.json	9910	3	0	22	0	0	0	0	0	23	0	0	0	0	0	0	0	1	0	0	1	182	630	0	1	0	7	0	0
fsh-generated/resources/StructureDefinition-fr-procedure-imaging-document.json	5523	2	0	24	0	0	0	0	1	23	0	0	0	0	0	0	0	0	0	0	0	178	670	0	0	0	7	0	1
fsh-generated/resources/StructureDefinition-fr-procedure-priority-extension.json	1640	1	0	4	0	0	0	0	0	5	0	0	0	0	0	0	0	0	0	0	0	30	233	0	0	0	1	0	0
fsh-generated/resources/StructureDefinition-fr-related-person-document.json	1999	1	0	13	0	0	0	0	0	12	0	0	0	0	0	0	0	0	0	0	0	123	445	0	0	0	4	0	0
fsh-generated/resources/StructureDefinition-fr-service-request-document.json	7149	1	0	122	0	0	0	0	0	22	0	0	0	0	0	0	0	1	0	0	1	182	595	0	0	0	7	0	0
fsh-generated/resources/StructureDefinition-fr-specimen-document.json	4521	2	0	16	0	0	0	0	0	78	0	0	0	0	0	0	0	0	0	0	0	114	455	0	0	0	5	0	1
fsh-generated/resources/StructureDefinition-fr-status-reason-extension.json	1436	1	0	4	0	0	0	0	0	6	0	0	0	0	0	0	0	0	0	0	0	30	228	0	0	0	1	0	0
fsh-generated/resources/StructureDefinition-fr-study-instance-uid-identifier-document.json	1086	1	0	6	0	0	0	0	0	7	0	0	0	0	0	0	0	0	0	0	0	53	280	0	0	0	1	0	0
fsh-generated/resources/StructureDefinition-fr-task-patient-transport-document.json	5620	1	0	32	0	0	0	0	0	963	0	0	0	0	0	0	0	1	0	0	0	249	1370	0	0	0	9	0	0
fsh-generated/resources/ValueSet-fr-doc-vs-participation-type.json	790	1	0	0	0	0	0	0	0	593	0	0	0	0	0	0	0	0	0	0	6	8	89	0	0	0	1	0	0
fsh-generated/resources/ValueSet-fr-doc-vs-role-prise-charge.json	683	1	0	0	1	0	0	0	0	4	0	0	0	0	0	0	0	0	0	0	6	4	112	0	0	0	0	0	0
fsh-generated/resources/ValueSet-fr-valueset-code-traitement.json	684	1	0	0	0	0	0	0	0	58	0	0	0	0	0	0	0	0	0	0	4	5	157	0	0	0	0	0	0
fsh-generated/resources/ValueSet-fr-valueset-reference-externe.json	648	0	0	0	0	0	0	0	0	5	0	0	0	0	0	0	0	0	0	0	5	6	51	0	0	0	0	0	0
fsh-generated/resources/ValueSet-fr-valueset-status-code.json	1018	1	0	0	0	0	0	0	0	683	0	0	0	0	0	0	0	0	0	0	5	5	426	0	0	0	0	0	0
fsh-generated/resources/ValueSet-fr-valueset-statut-du-probleme.json	724	1	0	0	0	0	0	0	0	2	0	0	0	0	0	0	0	0	0	0	4	4	46	0	0	0	1	0	0
fsh-generated/resources/ValueSet-fr-valueset-type-vaccination.json	711	0	0	0	0	0	0	0	0	3	0	0	0	0	0	0	0	0	0	0	4	5	57	0	0	0	0	0	0
fsh-generated/resources/ValueSet-fr-vs-actor-type-document.json	719	1	0	0	0	0	0	0	1	4	0	0	0	0	0	0	0	0	0	0	4	8	49	0	0	0	0	0	0
fsh-generated/resources/ValueSet-fr-vs-allergy-code.json	1170	1	0	0	0	0	0	0	0	379	0	0	0	0	0	0	0	0	0	0	4	7	1002	0	0	0	0	0	0
fsh-generated/resources/ValueSet-fr-vs-allergy-intolerance-type-document.json	1099	0	0	0	0	0	0	0	0	343	0	0	0	0	0	0	0	0	0	0	4	7	51	0	0	0	1	0	0
fsh-generated/resources/ValueSet-fr-vs-allergy-substance.json	516	1	0	0	0	0	0	0	0	1	0	0	0	0	0	0	0	0	0	0	4	4	807	0	0	0	0	0	0
fsh-generated/resources/ValueSet-fr-vs-edqm-document.json	667	1	0	0	0	0	0	0	0	321	0	0	0	0	0	0	0	0	0	0	4	4	460	0	0	0	0	0	0
fsh-generated/resources/ValueSet-fr-vs-encounter-class.json	677	0	0	0	0	0	0	0	0	544	0	0	0	0	0	0	0	0	0	0	4	4	394	0	0	0	0	0	0
fsh-generated/resources/ValueSet-fr-vs-evaluation-type.json	606	1	0	0	0	0	0	0	0	2	0	0	0	0	0	0	0	0	0	0	3	5	229	0	0	0	0	0	0
fsh-generated/resources/ValueSet-fr-vs-location-body-structure-document.json	923	1	0	0	0	0	0	0	0	2	0	0	0	0	0	0	0	0	0	0	3	5	578	0	0	0	0	0	0
fsh-generated/resources/ValueSet-fr-vs-medication-translation-document.json	890	0	0	0	0	0	0	0	0	610	0	0	0	0	0	0	0	0	0	0	2	7	57	0	0	0	1	0	0
fsh-generated/resources/ValueSet-fr-vs-procedure-code.json	1065	1	0	0	0	0	0	0	1	561	0	0	0	0	0	0	0	0	0	0	3	6	720	0	1	0	0	0	0
fsh-generated/resources/ValueSet-fr-vs-vaccine-code-cis.json	549	1	0	0	0	0	0	0	0	3	0	0	0	0	0	0	0	0	0	0	2	4	202	0	0	0	0	0	0
/fsh-generated/includes/menu.xml	4395	-	-	-	0	0	0	0	0	0	0	0	0	0	0	0	0	0	0	0	0	0	1	0	0	0	0	0	0
/fsh-generated/includes/fsh-link-references.md	44329	-	-	-	0	0	0	0	0	0	0	0	0	0	0	0	0	0	0	0	0	0	1	0	0	0	0	0	0
/input/data/features.yml	172	-	-	-	0	0	0	0	0	0	0	0	0	0	0	0	0	0	0	0	0	0	0	0	0	0	0	0	0
/input/pagecontent/enteteDocument.md	197	-	-	-	0	0	0	0	0	0	0	0	0	0	0	0	0	0	0	0	0	0	0	0	0	0	0	0	0
/input/pagecontent/ressourcesFHIR-corps.md	1735	-	-	-	0	0	0	0	0	0	0	0	0	0	0	0	0	0	0	0	0	0	16	0	0	0	0	0	0
/input/pagecontent/ressourcesCDA-corps.md	1304	-	-	-	0	0	0	0	0	0	0	0	0	0	0	0	0	0	0	0	0	0	28	0	0	0	0	0	0
/input/pagecontent/translationinfo.md	59	-	-	-	0	0	0	0	0	0	0	0	0	0	0	0	0	0	0	0	0	0	0	0	0	0	0	0	0
/input/pagecontent/corpsDocument.md	196	-	-	-	0	0	0	0	0	0	0	0	0	0	0	0	0	0	0	0	0	0	0	0	0	0	0	0	0
/input/pagecontent/StructureDefinition-Auteur-intro.md	788	-	-	-	0	0	0	0	0	0	0	0	0	0	0	0	0	0	0	0	0	0	0	0	0	0	0	0	0
/input/pagecontent/mappingCDA-FHIR-entete.md	4538	-	-	-	0	0	0	0	0	0	0	0	0	0	0	0	0	0	0	0	0	0	51	0	0	0	0	0	0
/input/pagecontent/ressourcesFHIR-struc-gen.md	29307	-	-	-	0	0	0	0	0	0	0	0	0	0	0	0	0	0	0	0	0	0	2	0	0	0	0	0	0
/input/pagecontent/autres_ressources.md	152	-	-	-	0	0	0	0	0	0	0	0	0	0	0	0	0	0	0	0	0	0	0	0	0	0	0	0	0
/input/pagecontent/ressourcesCDA-struc-gen.md	34121	-	-	-	0	0	0	0	0	0	0	0	0	0	0	0	0	0	0	0	0	0	1	0	0	0	0	0	0
/input/pagecontent/mappingCDA-FHIR-corps.md	7044	-	-	-	0	0	0	0	0	0	0	0	0	0	0	0	0	0	0	0	0	0	243	0	0	0	0	0	0
/input/pagecontent/mappingCDA-FHIR-struc-gen.md	6876	-	-	-	0	0	0	0	0	0	0	0	0	0	0	0	0	0	0	0	0	0	0	0	0	0	0	0	0
/input/pagecontent/ressourcesFHIR-entete.md	651	-	-	-	0	0	0	0	0	0	0	0	0	0	0	0	0	0	0	0	0	0	2	0	0	0	0	0	0
/input/pagecontent/exigencesSpecifiques.md	5319	-	-	-	0	0	0	0	0	0	0	0	0	0	0	0	0	0	0	0	0	0	0	0	0	0	0	0	0
/input/pagecontent/structureGenerale.md	138	-	-	-	0	0	0	0	0	0	0	0	0	0	0	0	0	0	0	0	0	0	1	0	0	0	0	0	0
/input/pagecontent/introduction.md	895	-	-	-	0	0	0	0	0	0	0	0	0	0	0	0	0	0	0	0	0	0	0	0	0	0	0	0	0
/input/pagecontent/downloads.md	1042	-	-	-	0	0	0	0	0	0	0	0	0	0	0	0	0	0	0	0	0	0	0	0	0	0	0	0	0
/input/pagecontent/ressourcesCDA-entete.md	8988	-	-	-	0	0	0	0	0	0	0	0	0	0	0	0	0	0	0	0	0	0	0	0	0	0	0	0	0
/input/pagecontent/securite.md	900	-	-	-	0	0	0	0	0	0	0	0	0	0	0	0	0	0	0	0	0	0	0	0	0	0	0	0	0
/input/pagecontent/index.md	5240	-	-	-	0	0	0	0	0	0	0	0	0	0	0	0	0	0	0	0	0	0	1	0	0	0	0	0	0
/template/config	0	-	-	-	0	0	0	0	0	0	0	0	0	0	0	0	0	0	0	0	0	0	0	0	0	0	0	0	0
/template/config/_config.yml	140	-	-	-	0	0	0	0	0	0	0	0	0	0	0	0	0	0	0	0	0	0	0	0	0	0	0	0	0
/input/images	0	-	-	-	0	0	0	0	0	0	0	0	0	0	0	0	0	0	0	0	0	0	0	0	0	0	0	0	0
/input/images/anImage.png	36288	-	-	-	0	0	0	0	0	0	0	0	0	0	0	0	0	0	0	0	0	0	0	0	0	0	0	0	0
/input/images/EntryRelationshipRelationEntre2Eléments.png	14200	-	-	-	0	0	0	0	0	0	0	0	0	0	0	0	0	0	0	0	0	0	1	0	0	0	0	0	0
/input/images/FormesDocumentsCDA.png	200143	-	-	-	0	0	0	0	0	0	0	0	0	0	0	0	0	0	0	0	0	0	0	0	0	0	0	0	0
/input/images/SchemaXMLCDAR2.png	426354	-	-	-	0	0	0	0	0	0	0	0	0	0	0	0	0	0	0	0	0	0	1	0	0	0	0	0	0
/input/images/ExempleRéférencementElémentCodé.png	37504	-	-	-	0	0	0	0	0	0	0	0	0	0	0	0	0	0	0	0	0	0	0	0	0	0	0	0	0
/input/images/ci-sis-logo.png	61365	-	-	-	0	0	0	0	0	0	0	0	0	0	0	0	0	0	0	0	0	0	0	0	0	0	0	0	0
/input/images/ExempleRéférencementElémentNonCodé.png	79302	-	-	-	0	0	0	0	0	0	0	0	0	0	0	0	0	0	0	0	0	0	1	0	0	0	0	0	0
/temp/pages/_includes/artifacts.xml	397764	-	-	-	-	-	-	-	-	-	-	-	-	-	-	-	-	-	-	-	-	-	12	0	0	0	0	0	0
