"Id","Path","Slice Name","Alias(s)","Label","Min","Max","Must Support?","Is Modifier?","Is Summary?","Type(s)","Short","Definition","Comments","Requirements","Default Value","Meaning When Missing","Fixed Value","Pattern","Example","Minimum Value","Maximum Value","Maximum Length","Binding Strength","Binding Description","Binding Value Set","Code","Slicing Discriminator","Slicing Description","Slicing Ordered","Slicing Rules","Base Path","Base Min","Base Max","Condition(s)","Constraint(s)"
"fr-lm-prelevement","fr-lm-prelevement","","","",0,*,"","","","null {[]} {[]}
","Modèle logique métier - FR LM Prélèvement","Prélèvement","","","","","","","","","",,,,,"",,,,"Base",0,*,"",""
"fr-lm-prelevement.actePrelevement","fr-lm-prelevement.actePrelevement","","","",0,1,"","","","CodeableConcept {[]} {[]}
","Acte de prélèvement","Acte de prélèvement","","","","","","","","","",,,,,"",,,,"fr-lm-prelevement.actePrelevement",0,1,"",""
"fr-lm-prelevement.datePrelevement","fr-lm-prelevement.datePrelevement","","","",1,1,"","","","dateTime {[]} {[]}
","Date du prélèvement","Date du prélèvement","","","","","","","","","",,,,,"",,,,"fr-lm-prelevement.datePrelevement",1,1,"",""
"fr-lm-prelevement.localisationPrelevement","fr-lm-prelevement.localisationPrelevement","","","",0,1,"","","","CodeableConcept {[]} {[]}
","Localisation du prélèvement","Localisation du prélèvement","","","","","","","","","",,"","SNOMED CT (2.16.840.1.113883.6.96)","","",,,,"fr-lm-prelevement.localisationPrelevement",0,1,"",""
"fr-lm-prelevement.perfomer","fr-lm-prelevement.perfomer","","","",0,1,"","","","https://interop.esante.gouv.fr/ig/document/core/StructureDefinition/fr-lm-personne-structure {[]} {[]}
","Organisation prélevante","Organisation prélevante","","","","","","","","","",,,,,"",,,,"fr-lm-prelevement.perfomer",0,1,"",""
"fr-lm-prelevement.echantillonPreleve","fr-lm-prelevement.echantillonPreleve","","","",0,1,"","","","https://interop.esante.gouv.fr/ig/document/core/StructureDefinition/fr-lm-echantillon-preleve {[]} {[]}
","Échantillon prélevé","Échantillon prélevé","","","","","","","","","",,,,,"",,,,"fr-lm-prelevement.echantillonPreleve",0,1,"",""
"fr-lm-prelevement.dispositifUtilise","fr-lm-prelevement.dispositifUtilise","","","",0,*,"","","","https://interop.esante.gouv.fr/ig/document/core/StructureDefinition/fr-lm-dispositif-medical {[]} {[]}
","Dispositif utilisé","Dispositif utilisé","","","","","","","","","",,,,,"",,,,"fr-lm-prelevement.dispositifUtilise",0,*,"",""
"fr-lm-prelevement.produitUtilise","fr-lm-prelevement.produitUtilise","","","",0,*,"","","","https://interop.esante.gouv.fr/ig/document/core/StructureDefinition/fr-lm-dispositif-medical {[]} {[]}
","Produit utilisé","Produit utilisé","","","","","","","","","",,,,,"",,,,"fr-lm-prelevement.produitUtilise",0,*,"",""
"fr-lm-prelevement.dateReceptionEchantillon","fr-lm-prelevement.dateReceptionEchantillon","","","",1,1,"","","","Base {[]} {[]}
","Date de réception de l'échantillon","Date de réception de l'échantillon","","","","","","","","","",,,,,"",,,,"fr-lm-prelevement.dateReceptionEchantillon",1,1,"",""
