<?xml version="1.0" encoding="UTF-8"?><ConceptMap xmlns="http://hl7.org/fhir"><id value="FRCarePlanLMCDAFHIR"/><text><status value="generated"/><div xmlns="http://www.w3.org/1999/xhtml"><p class="res-header-id"><b>Narratif généré : CarteDeConcepts FRCarePlanLMCDAFHIR</b></p><a name="FRCarePlanLMCDAFHIR"> </a><a name="hcFRCarePlanLMCDAFHIR"> </a><p>Mapping de (non spécifié) vers (non spécifié)</p><br/><p><b>Groupe 1 </b>Mapping de <a href="StructureDefinition-fr-lm-reference-item-plan-traitement.html">Modèle logique métier - FR LM Référence item plan traitement</a> to <code>https://interop.esante.gouv.fr/ig/document/core/StructureDefinition/fr-cda-reference-item-plan-traitement</code></p><table class="grid"><tr><td><b>Code source</b></td><td><b>relation</b></td><td><b>Code cible</b></td></tr><tr><td>FRLMReferenceItemPlanTraitement</td><td><a href="http://hl7.org/fhir/R5/codesystem-concept-map-relationship.html#equivalent" title="equivalent">is equivalent to</a></td><td>FRCDAReferenceItemPlanTraitement</td></tr><tr><td>FRLMReferenceItemPlanTraitement.identifiant</td><td><a href="http://hl7.org/fhir/R5/codesystem-concept-map-relationship.html#equivalent" title="equivalent">is equivalent to</a></td><td>FRCDAReferenceItemPlanTraitement.id</td></tr><tr><td>FRLMReferenceItemPlanTraitement.code</td><td><a href="http://hl7.org/fhir/R5/codesystem-concept-map-relationship.html#equivalent" title="equivalent">is equivalent to</a></td><td>FRCDAReferenceItemPlanTraitement.code</td></tr><tr><td>FRLMReferenceItemPlanTraitement.produitSante</td><td><a href="http://hl7.org/fhir/R5/codesystem-concept-map-relationship.html#equivalent" title="equivalent">is equivalent to</a></td><td>FRCDAReferenceItemPlanTraitement.consumable</td></tr><tr><td>FRLMReferenceItemPlanTraitement.auteur</td><td><a href="http://hl7.org/fhir/R5/codesystem-concept-map-relationship.html#equivalent" title="equivalent">is equivalent to</a></td><td>FRCDAReferenceItemPlanTraitement.author</td></tr><tr><td>FRLMReferenceItemPlanTraitement.traitementPrescrit</td><td><a href="http://hl7.org/fhir/R5/codesystem-concept-map-relationship.html#equivalent" title="equivalent">is equivalent to</a></td><td>FRCDAReferenceItemPlanTraitement.entryRelationship:frItemPlanTraitement</td></tr><tr><td>FRLMReferenceItemPlanTraitement.reference</td><td><a href="http://hl7.org/fhir/R5/codesystem-concept-map-relationship.html#equivalent" title="equivalent">is equivalent to</a></td><td>FRCDAReferenceItemPlanTraitement.reference</td></tr><tr><td>FRLMReferenceItemPlanTraitement.reference.externalDocument.identifiant</td><td><a href="http://hl7.org/fhir/R5/codesystem-concept-map-relationship.html#equivalent" title="equivalent">is equivalent to</a></td><td>FRCDAReferenceItemPlanTraitement.reference.externalDocument.id</td></tr></table><hr/><p><b>Groupe 2 </b>Mapping de <code>https://interop.esante.gouv.fr/ig/document/core/StructureDefinition/fr-cda-reference-item-plan-traitement</code> to <a href="StructureDefinition-fr-care-plan-document.html">CarePlan - FR Care Plan Document</a></p><table class="grid"><tr><td><b>Code source</b></td><td><b>relation</b></td><td><b>Code cible</b></td></tr><tr><td>FRCDAReferenceItemPlanTraitement</td><td><a href="http://hl7.org/fhir/R5/codesystem-concept-map-relationship.html#equivalent" title="equivalent">is equivalent to</a></td><td>FRCarePlanDocument</td></tr><tr><td>FRCDAReferenceItemPlanTraitement.id</td><td><a href="http://hl7.org/fhir/R5/codesystem-concept-map-relationship.html#equivalent" title="equivalent">is equivalent to</a></td><td>FRCarePlanDocument.identifier</td></tr><tr><td>FRCDAReferenceItemPlanTraitement.code</td><td><a href="http://hl7.org/fhir/R5/codesystem-concept-map-relationship.html#equivalent" title="equivalent">is equivalent to</a></td><td>FRCarePlanDocument.category</td></tr><tr><td>FRCDAReferenceItemPlanTraitement.consumable</td><td><a href="http://hl7.org/fhir/R5/codesystem-concept-map-relationship.html#equivalent" title="equivalent">is equivalent to</a></td><td>FRCarePlanDocument.activity.detail.productReference</td></tr><tr><td>FRCDAReferenceItemPlanTraitement.author</td><td><a href="http://hl7.org/fhir/R5/codesystem-concept-map-relationship.html#equivalent" title="equivalent">is equivalent to</a></td><td>FRCarePlanDocument.author</td></tr><tr><td>FRCDAReferenceItemPlanTraitement.entryRelationship:frItemPlanTraitement</td><td><a href="http://hl7.org/fhir/R5/codesystem-concept-map-relationship.html#equivalent" title="equivalent">is equivalent to</a></td><td>FRCarePlanDocument.activity.reference:FRMedicationRequestDocument</td></tr><tr><td>FRCDAReferenceItemPlanTraitement.reference</td><td><a href="http://hl7.org/fhir/R5/codesystem-concept-map-relationship.html#equivalent" title="equivalent">is equivalent to</a></td><td>FRCarePlanDocument.activity.reference:FRMedicationRequestDocument</td></tr><tr><td>FRCDAReferenceItemPlanTraitement.reference.externalDocument.id</td><td><a href="http://hl7.org/fhir/R5/codesystem-concept-map-relationship.html#equivalent" title="equivalent">is equivalent to</a></td><td>FRCarePlanDocument.activity.reference:FRMedicationRequestDocument.identifier</td></tr></table></div></text><url value="https://interop.esante.gouv.fr/ig/document/core/ConceptMap/FRCarePlanLMCDAFHIR"/><version value="0.1.0"/><title value="Mapping Métier/CDA/FHIR : &quot;Référence Item Plan Traitement&quot;"/><status value="active"/><date value="2026-01-26T10:27:23+00:00"/><publisher value="Agence du Numérique en Santé (ANS) - 2-10 Rue d'Oradour-sur-Glane, 75015 Paris"/><contact><name value="Agence du Numérique en Santé (ANS) - 2-10 Rue d'Oradour-sur-Glane, 75015 Paris"/><telecom><system value="url"/><value value="https://esante.gouv.fr"/></telecom></contact><description value="Mapping des éléments du modèle métier FRLMReferenceItemPlanTraitement vers le profil CDA FRCDAReferenceItemPlanTraitement, puis vers le profil FHIR FRCarePlanDocument."/><jurisdiction><coding><system value="urn:iso:std:iso:3166"/><code value="FR"/><display value="FRANCE"/></coding></jurisdiction><group><source value="https://interop.esante.gouv.fr/ig/document/core/StructureDefinition/fr-lm-reference-item-plan-traitement"/><target value="https://interop.esante.gouv.fr/ig/document/core/StructureDefinition/fr-cda-reference-item-plan-traitement"/><element><code value="FRLMReferenceItemPlanTraitement"/><target><code value="FRCDAReferenceItemPlanTraitement"/><equivalence value="equivalent"/></target></element><element><code value="FRLMReferenceItemPlanTraitement.identifiant"/><target><code value="FRCDAReferenceItemPlanTraitement.id"/><equivalence value="equivalent"/></target></element><element><code value="FRLMReferenceItemPlanTraitement.code"/><target><code value="FRCDAReferenceItemPlanTraitement.code"/><equivalence value="equivalent"/></target></element><element><code value="FRLMReferenceItemPlanTraitement.produitSante"/><target><code value="FRCDAReferenceItemPlanTraitement.consumable"/><equivalence value="equivalent"/></target></element><element><code value="FRLMReferenceItemPlanTraitement.auteur"/><target><code value="FRCDAReferenceItemPlanTraitement.author"/><equivalence value="equivalent"/></target></element><element><code value="FRLMReferenceItemPlanTraitement.traitementPrescrit"/><target><code value="FRCDAReferenceItemPlanTraitement.entryRelationship:frItemPlanTraitement"/><equivalence value="equivalent"/></target></element><element><code value="FRLMReferenceItemPlanTraitement.reference"/><target><code value="FRCDAReferenceItemPlanTraitement.reference"/><equivalence value="equivalent"/></target></element><element><code value="FRLMReferenceItemPlanTraitement.reference.externalDocument.identifiant"/><target><code value="FRCDAReferenceItemPlanTraitement.reference.externalDocument.id"/><equivalence value="equivalent"/></target></element></group><group><source value="https://interop.esante.gouv.fr/ig/document/core/StructureDefinition/fr-cda-reference-item-plan-traitement"/><target value="https://interop.esante.gouv.fr/ig/document/core/StructureDefinition/fr-care-plan-document"/><element><code value="FRCDAReferenceItemPlanTraitement"/><target><code value="FRCarePlanDocument"/><equivalence value="equivalent"/></target></element><element><code value="FRCDAReferenceItemPlanTraitement.id"/><target><code value="FRCarePlanDocument.identifier"/><equivalence value="equivalent"/></target></element><element><code value="FRCDAReferenceItemPlanTraitement.code"/><target><code value="FRCarePlanDocument.category"/><equivalence value="equivalent"/></target></element><element><code value="FRCDAReferenceItemPlanTraitement.consumable"/><target><code value="FRCarePlanDocument.activity.detail.productReference"/><equivalence value="equivalent"/></target></element><element><code value="FRCDAReferenceItemPlanTraitement.author"/><target><code value="FRCarePlanDocument.author"/><equivalence value="equivalent"/></target></element><element><code value="FRCDAReferenceItemPlanTraitement.entryRelationship:frItemPlanTraitement"/><target><code value="FRCarePlanDocument.activity.reference:FRMedicationRequestDocument"/><equivalence value="equivalent"/></target></element><element><code value="FRCDAReferenceItemPlanTraitement.reference"/><target><code value="FRCarePlanDocument.activity.reference:FRMedicationRequestDocument"/><equivalence value="equivalent"/></target></element><element><code value="FRCDAReferenceItemPlanTraitement.reference.externalDocument.id"/><target><code value="FRCarePlanDocument.activity.reference:FRMedicationRequestDocument.identifier"/><equivalence value="equivalent"/></target></element></group></ConceptMap>